ID;FR;EN;ZH
CombatStartUniversel;Lancer le combat;Start the fight;开始战斗
AleaEndUniversel;Retourner à la carte;Return to map;
TutoContinue;Continuer;Continue;继续
TutoAutel1;"les trois sorts de base ; d'autres seront débloqués par la suite, achetables contre de l'Essence";the three basic spells, we will unlock more later, bought with soul crystals;三个基本咒语，其他咒语将在以后解锁，可用灵魂水晶购买
TutoAutel2;le nombre d'Essences possédées, récupérable en tuant des adversaires;the amount of soul crystals you currently possess, earned by killing opponents;当前身上的灵魂水晶数量，可通过击杀对手恢复
TutoAutel3;la description de la compétence sélectionnée;the description of the selected skill;所选技能的描述
TutoAutel4;les stats actuelles, et les modifications apportées par la compétence;current stats, and changes made by the skill;当前状态，以及技能带来的变化
TutoAutel5;le coût en Essence pour débloquer une compétence;the cost to unlock a skill;解锁技能所需的费用
TutoAutel6;le bouton d'achat;the buy button;购买按钮
TutoPerso1;Observateur;Watcher;
TutoPerso2;Premier observateur;First watcher;
TutoPerso3;Second observateur;Second watcher;
TutoPerso4;Cristaux d'essence;Soul shards;
TutoMap1;Ce “vieux parchemin” te permettra de ne pas te perdre sur le chemin de ta prochaine vie. Avance jusqu’à la prochaine étape, je dois encore te montrer certaines choses.;"This ""old parchment"" will help you not to lose your way on the path to your next life. Move forward to the next stage, I still have some things to show you.";
TutoQ1;En voilà encore un ! Décidément, c’est une journée chargée. J’espère que celui-ci ne posera pas problème…;Here comes another one! Looks like it's gonna be a long day... I hope this one won't cause trouble...;又来了一个 看来今天会很漫长... 我希望这个不会有问题...
TutoQ1R1;[Reprendre vos esprits];[Come back to your senses];[回过神来]
TutoQ2;Tu es en bien piteux état, ta mort a dû être violente... Laisse-moi arranger ça.;You are in a deplorable state, your death must have been violent. Let me help you.;你的情况很糟糕 你一定是死于暴力，让我来帮你吧
TutoQ2R1;Mort !? On est où !? Et t’es qui au juste !?;Death?! Where are we?! And who even are you?!;死亡 我们在哪儿 你又是谁
TutoQ3;"Morts, nous le sommes tous. Et pour te répondre; je suis l’Observateur qui t’a été attribué.";Dead, we all are here. And to answer your question, I am your assigned observer.;死神，我们都在这里，你也在这里，回答你的问题，我就是你的观察者
TutoQ3R1;Donc je suis mort, toi aussi, et tu es là pour me chaperonner, c’est ça ?;So... I am dead, you are too, and you're here to chaperone me, is that right ?;所以......我死了，你也死了，你是来陪我的，对吗？
TutoQ4;"Pas vraiment. Je suivrais ton parcours, mais je resterais neutre, tel est mon rôle.
";Not exactly. I am here to follow your journey, but I will remain neutral, as my role demands.;不尽然，我是来追随你的旅程的，但我必须保持中立，这是我的职责所在
TutoQ4R1;Neutre ? Tu viens de dire que tu allais m’aider, ça ne fait aucun sens !;Neutral? But you said you were gonna help me? Make it make sense!;中立？可你说你会帮我？这说不通啊！
TutoQ5;Je vais arranger ton état, pas t’aider. C’est d’ailleurs la première et dernière fois, ensuite tu devras t’en sortir seul.;I will fix your situation, not help you. This is the first and last time, then you'll be on your own.;我会 安排，而不是帮你。这将是第一次，也是最后一次，然后你就得靠自己了、
TutoQ5R1;Mais m’arranger quoi à la fin !?;What is there to fix?;安排什么
TutoQ6;Cette lumière intérieure, cette Radiance, est la seule chose qui te permet de prendre forme ici. Comment te sens tu à présent ?;Your inner light, your Radiance, is the only thing allowing you to have a substance here. There, how do you feel now?;你身上的光是你的光芒 是你在这里唯一的物质 你现在感觉怎么样？
TutoQ6R1;Mieux… Enfin, je crois. Mais qu'est-ce que je fais ici ?;Better... I guess. But what am I doing here?;好多了......我想。
TutoQ7;Tu dois y faire attention, sinon ton âme retournera dans le grand cycle et qui sait combien de temps tu y resteras.;You have to take care of it, or your soul will return to the great cycle, and who knows how long you will stay there.;你得好好照顾它 否则你的灵魂会回到大轮回 谁知道你会在那里呆上多少时间呢
TutoQ7R1;Pour rester mort, je ne dois pas mourir à nouveau... C’est bien joli, mais dans quel but exactement ?;To stay dead, I must not die again...It's cute, but what's the point?;为了不死，我就不能再死......这很可爱，但这样做的目的是什么？
TutoQ8;"C'est à toi de trouver ton objectif ; chacun doit traverser le Passage à sa manière. Si je ne peux te guider, je peux cependant te montrer. Suis-moi.";That goal is yours to find. In the Passage, everyone has to find their own path. Even if I shall not guide you, I can show you. Follow me. ;这个目标必须由你自己去寻找，每个人都必须以自己的方式穿过这条路。如果我不能指引你，但我可以告诉你。带着它跟我来吧
TutoQ8R1;J'accepte... pour l'instant;I accept... for now;如果我死了，一张旧羊皮纸还有什么用？
TutoQ9;"Ce ""vieux parchemin"" te permettra de ne pas te perdre sur le chemin de ta prochaine vie. Avance jusqu’à la prochaine étape, je dois encore te montrer certaines choses.";"That ""old parchment"" will allow you to find your way to your next life. Move on forwards, I still have a few tricks to show you. ";那张 旧羊皮纸 会让你在通往下辈子的路上不再迷失方向。进入下一阶段，我还必须告诉你一些事情。
TutoQ10;En ce lieu, tu rencontreras d’autres âmes errantes. Si je te recommande de trouver des solutions pacifiques, tu peux également confronter ta Force d'Âme à la leur.;In this place, you will meet other wandering souls. I recommend you find pacific solutions, but you can also confront your Soul's Strength to theirs.;在这个地方，你会遇到其他的游魂。我建议你与他们和平相处，但你也可以与他们对抗你的 毅力/灵魂力量。
TutoQ10R1;Confronter nos âmes ? Si tu parles d’un combat, qu’adviendrait-il du perdant ?;Confront our souls? If you're talking about a fight, what would happen to the defeated?;对抗我们的灵魂？如果你说的是一场战斗，那么失败者会怎样？
TutoQ11;Exactement comme un combat, oui. Souhaites-tu voir ce qui arriverait à ces âmes errantes en cas de défaite ?;Exactly like a fight. Do you wish to see what happens to those souls, were they be defeated? ;就像打架一样，是的，你想看看如果这个灵魂被打败了会怎么样吗？
TutoQ11R1;Tu vas me montrer un bain de sang ?! Vas-y, je veux en être !;A bloodbath? I'm always in to see that! ;如果我问你，那是有原因的，来吧，给我看看！
TutoQ11R2;J’ai vu mon lot de cadavres, inutile d'en ajouter un de plus.;I witnessed my fair share of corpses, no need for another one.;等等......先给我解释一下你要做什么？
TutoQ12;La patience ne semble pas être ta plus grande qualité… Ici comme dans tes précédentes vies, tes choix ont des conséquences, tu devrais faire attention.;Patience does not seems to be one of your qualities...Here, like in your past lives, your choices have consequences, you will have to be mindful.;耐心似乎不是你的特质之一......在这里，就像你过去的生活一样，你的选择会带来后果，你必须小心。
TutoQ12R1;Des conséquences ?;Consequences? Like what?;后果？什么后果？
TutoQ13;Rester dans ce lieu doit te permettre de devenir meilleur, tu dois faire attention et prendre conscience des conséquences de tes actes passés et futurs.;Staying in this place allows you to grow better, you must be careful and realise the consequences of your past actions, as well as the future ones.;呆在这个地方能让你更好地成长，你必须小心谨慎，并意识到你过去的行为所带来的后果，就像你将来的行为一样。
TutoQ13R1;"Pas la peine de me sermonner, j’assume pleinement mes actes et mes paroles.
";No need to lecture me, I stand by every act and word of mine.;没必要对我说教，我坚持我的一言一行。
TutoQ14;"Alors tu assumeras également leurs conséquences sur ce qu’il reste de ton âme.
";So you will also shoulder the consequences on what is left of your soul.;所以，你也要承担你的灵魂所剩无几的后果。
TutoQ14R1;"Mes actes seront donc observés et jugés ?
";My actions will be judged and observed ?;我的行为会受到审判和监督？
TutoQ15;Tu fais preuve de discernement, c’est tout à ton honneur. Les choix que nous faisons ont toujours des conséquences, cette vérité semble évidente pour toi.;You seems to have some discernment, it's will be useful here. The choices that we make always have consequences, this truth seems obvious enough for you.;你似乎有一些辨别力，这在这里会很有用。我们所做的选择总是有后果的，这个道理对你来说似乎很明显。
TutoQ15R1;"Tu sembles surpris. Pourtant ça ne me semble pas si compliqué.
";You seem surprised. It's not a concept so hard to grasp.;你似乎很惊讶。这并不是一个很难理解的概念。
TutoQ16;Très peu d’âmes réussissent à prendre si rapidement Conscience des implications qu’ont leurs actes en ces lieux, c’est assez rare pour être souligné.;Very few souls become conscious of the consequences of the actions they do in this place so quickly. It's rare enough to be noted.;很少有灵魂能这么快就意识到他们在这里所做行为的后果，这一点非常罕见，值得注意。
TutoQ16R1;"Tu es donc là pour me guider et veiller à ce que j’agisse avec clairvoyance ?
";So you are here to guide me, and be sure I act with perspicacity?;那么你是来指导我，确保我的行为是明智的？
TutoQ17;Qu'importe ce que tu veux voir, c'est la réalité de ce Passage que je me dois de te montrer. Tu ne pourras pas toujours éviter de te salir les mains, c’est ainsi.;No matter what you want to see, it's first and foremost the truth of the Passage that I have to show you. You won't always be able to avoid a little dirt on your hands. That's how it is, here.;我是来告诉你这段话的真相的。你做了一个善意的举动，但你不可能永远不弄脏你的手，这里就是这样。
TutoQ17R1;"Je vois. Faire les bons choix ne sera pas suffisant, c’est ce que tu essayes de m’expliquer ?
";I understand. The right decisions won't always be good enough, is that what you're trying to tell me?;我明白了 做正确的选择并不总是足够的，这就是你想告诉我的吗？
TutoQ18;Tu auras la réponse à ta question en temps voulu. En attendant, vois-tu ce qu’il reste de cette pauvre âme errante ?;You will have your answer in due time. Meanwhile, do you see what is left of this poor wandering soul?;你会在适当的时候得到答案的 同时，你看到这些可怜的游魂还剩下什么了吗？
TutoQ18R1;Tu parles de ces cristaux ?;What about those cristals?;你是在说那些水晶吗？是什么？
TutoQ19;Ces cristaux, c’est ce qu’il reste d’une âme une fois réduite à son état primaire : son Essence. Prends-les et garde-les avec le plus grand respect, n’oublie pas d’où ils viennent.;Those crystals are what is left of a soul once it's reduced to it's primal form: its Essence. Take them and keep them with utmost respect, do not forget where they come from.;那些 水晶 是灵魂还原到最原始的形态后剩下的东西，也就是灵魂的本质。拿着它，以最崇高的敬意保存它们，不要忘记它们来自何方。
TutoQ19R1;[ prendre les cristaux d’Essence ];[ take the Soul crystals ];拿走灵魂水晶
TutoQ20;Cependant, tu ne vas pas garder ces cristaux éternellement. Avançons, que je puisse te montrer comment rendre un dernier hommage à ces âmes fragmentées.;Nonetheless, you will not keep them eternally. Let's move on, so I can show you how to pay a last tribute to those fragmented souls.;尽管如此，你也无法永远保存它们。让我们继续前进，让我来教你们如何向那些支离破碎的灵魂致以最后的敬意。
TutoQ21;Ces Autels étaient là bien avant nous. Tout ce que l’on sait à leur sujet c’est qu’ils permettent de renvoyer dans le grand cycle les fragments d’âme contenus dans les cristaux.;These Altars where here long before us. All we know about them is that they bring back into the great cycle the souls contained in the crystals;这些祭坛早在我们之前就存在了，我们只知道它们能让水晶中的灵魂回到大轮回中去
TutoQ22;En échange, cette statue a la faculté de raviver ta mémoire. Pour le moment, tu n’es que l’ombre de tes existences passées. Il est temps de récupérer la force qui était tienne.;In exchange, this statue has the ability to revive some of your memories. For now you are naught but a shadow of your path existence. It's time for you to bring back the strengh that was yours.;作为交换，这座雕像有能力唤醒你的部分记忆。现在，你只是你人生道路上的一个影子。是时候让你找回曾经的力量了。
TutoQ23;"Parfait ! Prends le temps qu’il te faut, explore ta mémoire. Tu n’auras qu’à me dire quand tu seras prêt.
";Perfect! Take all the time you need to explore your memories. Just tell me when you are ready.;完美 ！你可以尽情探索你的记忆。准备好了就告诉我。
TutoQ23R1;Je suis prêt !;I'm ready!;我准备好了！
TutoQ24;"Ha ! J’apprécie ton enthousiasme, tu me plais ! Mais avant de partir, prends ces nouvelles aptitudes avec toi.
";Ha! I appreciate your enthusiasm, I like you! But before you go, take those new abilities with you.;哈！我很欣赏你的热情 我喜欢你 但是在你走之前 把这些新能力带在身边
TutoQ24R1;C’est fait ! On peut y aller ?;It's done! Can we go now?;搞定了 我们可以走了吗？
TutoQ25;Tu aura l’occasion de retrouver tes sensations : j’ai l’impression que quelqu’un t’attend avec impatience et a hâte de régler ses comptes avec toi.;Don't worry, you will have the opportuniy to regain your senses: it seems someone is waiting for you impatiently, he seems anxious to have a word with you...;别担心，你会有机会重新找回你的感觉的：这里似乎有人在等你等得不耐烦了，他似乎想和你说几句话......
TutoQ26;Oui, certaines âmes errantes ont un lien particulier avec toi et tes vies passées. Ce sera l’occasion de vous expliquer et faire table rase du passé… Enfin, si tu y mets un peu du tiens.;Some wandering souls have a tight connection with you and your past lifes. It'll be a good occasion to clear the air and make anew of the past. That's if you do your part. ;有些游魂与你和你的前世有关。这将是一个解释自己、重新认识过去的机会......只要你做好自己的本分。
TutoQ26R1;Je n’ai aucune idée de qui est cet homme… Eh toi ! Tu me veux quoi au juste ?;I have no idea who this man is... Hey, you! What do you want from me ?;我不知道这个人是谁... 喂 你想从我这儿得到什么？
TutoQ27;J’imagine que c’est ta façon d’aborder une discussion calme… Mais je doute qu’il soit en état de te répondre, il a l’air mal en point.;I suppose this is your idea of a calm chat... But I doubt he'll answer your call, he seems poorly.;我想这就是你所说的冷静讨论吧......但我怀疑他能不能回答你，他看起来状态很差。
TutoQ27R1;Du coup, qu’est-ce qu’on fait ?;What exactly are we supposed to do with him?;那我们该怎么办？打一顿就完事了？
TutoQ28;A toi d’utiliser tes compétences pour t’en débarrasser.;Use your skills to get rid of him. ;这次不行，对不起，我不会把脏东西弄到制服上的。用你的技能干掉他。
TutoQ29;Utiliser tes compétences te demandera de la Volonté {stat value=VOL} et parfois de la Conscience.;To use your skills, you will need Willpower {stat value=VOL}, and sometimes Conscience. ;使用技能需要意志力，有时还需要意识。
TutoQ30;La première règle d’un affrontement est: chacun son tour. N’oublie pas d’indiquer aux autres âmes quand ton tour est fini.;The first rule in a fight is to take turns. Don't forget to warn the other souls when you're done. ;战斗的第一条规则是：轮流上场。轮到你时，不要忘记告诉其他灵魂。
TutoQ31;La seconde règle d’un affrontement est: plus tu es rapide, plus tu as l’initiative. Tout dépendra donc de ta Vitesse {stat value=VIT}.;The second rule is: The faster you are, the quicker you can act. It'll all depend on your Speed {stat value=VIT}. ;第二条规则是 ： 速度越快，行动就越快。一切都取决于你的速度。
TutoQ32;L’avantage de ces règles, c’est de te permettre de récupérer un peu et d’avoir à nouveau toute ta Volonté au début de ton tour.;With those rules in place, you'll be able to recover when others act, and to regain all your Willpower at the beginning of your turn. ;这些规则的好处是，你可以稍作恢复，并在下一回合开始时拥有全部意志力，准备好了吗？
TutoQ32R1;On va bien voir, laisse moi faire !;We shall see, let me do it !;让我们拭目以待吧
TutoQ33;"Certaines compétences nécessitent d’avoir une cible pour être utilisées.
";Some skills require a target.;有些技能必须有目标才能使用
TutoQ34;Faire du mal à une autre âme augmentera sa Tension {stat value=TEN}. Une fois celle-ci à son maximum, l'âme gagnera un tour supplémentaire.;Hurting another soul will increase their Tension {stat value=TEN}. Once it reaches the maxiumum, they'll gain an additional turn.;伤害灵魂会增加它的紧张度，一旦达到最大值，它就会有第二个回合。
TutoQ35;"Tu n’es pas obligé de seulement frapper, tu peux aussi te renforcer. Tu devrais essayer !
";It's not mandatory to only hit, you can also strengthen yourself, you should try it !;并不是一定要打，你也可以强化自己，你应该试试！
TutoQ36;Dans ces circonstances, tu as aussi le droit d’être tendu. Si ta Tension atteint son maximum, tu auras un second tour.;In those circonstance, you have every right to be tense as well. If your Tension reaches it's maximum, you'll also receive an additional turn. ;在这种情况下，你也有权紧张。如果你的紧张达到了极致，你就会有第二次机会！
TutoQ37;Toutes mes félicitations, tu t’en es bien sorti ! Mais il me reste une dernière chose à te montrer.;You have my congratulation ! You did well ! But there is still one last thing that I must show you.;我向您表示祝贺！你做得很好！但还有最后一件事我必须告诉你。
TutoQ37R1;Laisse moi le temps de ramasser son Essence et je suis à toi !;Let me the time to pick he's essence and i am yours.;给我时间去采摘他的精华，我就是你的了。
TutoQ38;"Tu sais déjà que ces cristaux peuvent être rendus au grand cycle, mais il en existe une autre utilisation, un peu moins… Enfin, un peu plus…
";You already know that those crystal can be brought back to the great cycle, but there is another use...A little less... A bit more...;你已经知道那些水晶可以带回大循环，但还有另一种用途......少一点...... 多一点...
TutoQ38R1;Crache le morceau, on a pas toute la journée !;Come on say it ! We don't have all days !;说吧！我们没有那么多时间！
TutoQ39;"Oui bon ça va, j’y viens ! Tu peux les utiliser pour restaurer ta Radiance, mais c’est tout à fait égoïste et très peu respectueux de faire ça, il faut en être conscient !
";Okay okay im on it ! As i was saying, you can use them to restore some radiance, but it's very selfish and not respectful to do that, you must be aware of that !;好了好了，我这就去！就像我刚才说的，你可以用它们来恢复一些光彩，但这样做是非常自私的，也是不尊重人的，你必须意识到这一点！
TutoQ39R1;Egoïste ? Ils sont à moi ces cristaux non ? J’en fais ce que bon me semble.;Selfish ? They are mine those crystal aren't they ? I do what I want with them.;自私？它们是我的水晶，不是吗？我想怎么做就怎么做。
TutoQ40;"On peut voir les choses comme ça, effectivement… Mais saches que la seule façon qu’auront ces résidus d’âmes pour retourner au grand cycle sera la disparition de leur hôte.
";You can see it that way... But i'll let you know that the only way these soul will return to the grand cycle, is with the disappearence of they're host.;你可以这么看... 但我要告诉你 只有宿主消失了 这些灵魂才能回到大循环中去
TutoQ40R1;"Je ne compte pas disparaître de si tôt, ils vont devoir se montrer patients.
";I do not intend to disapear so soon. They will have to be patient.;我不打算这么快消失 他们得耐心等待
TutoQ41;Bien, tu sembles déterminé. Fais donc ton choix. Mais garde à l’esprit que tu pourrais aussi en consommer durant un affrontement, mais pour une fraction de l’effet. Cependant, ça pourrait te sortir d’une mauvaise passe, qui sait.;Good, you seem determined. It's time for a choice now. Keep in mind that you can also consume them during a fight, but only for a small faction of its potential effect. However, that might still help you out of a rocky situation, who knows. ;好吧，看来你下定决心了 做出你的选择吧 但要记住，你也可以在战斗中吃掉它们，不过效果会差一点。但它能帮你度过难关，谁知道呢。
TutoQ42;Oh ! Tu as été chanceux ! Il arrive parfois qu’on tombe sur des Souvenirs perdus, c’est le genre de chose qu’on garde précieusement.;Oh lucky you! Sometimes, we can stumble upon a lost Memory! You are to keep it preciously. ;哦，你很幸运！有时我们会失去一段记忆，那是我们珍爱的东西。
TutoQ43;"Mais attends… C’est bien trop tôt pour que tu sois capable d’encaisser un tel Souvenir, ça risquerait d’avoir de graves conséquences sur ta traversée !
";Oh but wait, it's way too soon for you to handle such a Memory. It could have great consequences on your journey. ;但等等... 对你来说，现在处理这样的记忆还为时过早，它会给你的人生旅途带来很大的影响！
TutoQ43R1;"Moi je le trouve très bien ce souvenir. En plus, il est à moi, je ne te demande pas ton avis !
";But I like this Memory. And it's mine now, I don't ask for your opinion . ;我觉得这段回忆很美好 这是我的记忆 我没征求你的同意！
TutoQ44;"Navré, mais c’est mon rôle de veiller au bon déroulement du cycle. Je réquisitionne donc ce Souvenir, c’est pour ton bien, crois moi !
";My apologies, but my duty is to take care of the good conduct of the cycle. I have to take this Memory from you. But it's for your own good, trust me! ;我很抱歉，但这是我的职责，我征用这段记忆是为了你好，相信我！
TutoQ44R1;"Je sais reconnaître une arnaque quand j’en vois une… Mais avec ou sans ce truc, je vais réussir, alors garde le si tu y tiens tant !
";I know a scam when I see one. However, it doesn't matter if I have it or not, I'll succeed anyway. You can keep it, if it's so important to you! ;我一看就知道是骗局...... 但不管有没有那东西，我都会去做，如果对你有意义，就留着吧！
TutoQ45;"C’est là que nos routes se séparent. Je parie que tu en avais assez de m’avoir dans les parages, pas vrai ?
";This is where our road split. I feel like you have enough of me babling like that, am I right ?;这就是我们的分道扬镳之处。我觉得你已经听够我这样喋喋不休了，对吧？
TutoQ46;"En tout cas, ça faisait longtemps qu’une visite n’avait pas été si animé haha !
Essaye de ne pas trop mettre le bazard lors de ton séjour ici.
";Anyway, it's been a while a visit hadn't been so animated, haha! Try not to wreak havoc during your stay here. ;不过，我已经很久没有这么生动了，哈哈！在这里的旅途中，尽量不要太混乱。
TutoQ46R1;Je vais faire mon poss…;I'll do what I ca...;我会尽我所能...
TutoQ47;"Je peux savoir ce qu’il se passe ici ?
Oh, je vois… Ne me dit pas que tu fais encore du bénévolat à aider un pauvre bougre sans le moindre potentiel…";What's going on here? Oh, I understand... You're back at volunteering, helping a poor soul without potential again... ;这是怎么回事？Oh.... 我明白了，你又在做志愿者了，帮助那些没有任何潜能的可怜人......
TutoQ47R1;"Attends, c’est de moi qu’il parle là !?
";Wait, is that me you're talking about!? ;等等，你是在说我吗？
TutoQ48;"Alors, déjà, non, il a plus de potentiel que le dernier, ne serait-ce qu’un peu ! Et ensuite, j’accomplis ma mission. Tu sais, parler aux âmes perdues, tout ça tout ça…
";To begin with, no, he's got way more potential than the last one, at least a little! And also, I'm just completing my mission. You know, talking to the lost souls and all that ... ;首先，不，他比上一个更有潜力，哪怕只是一点点.....！其次，我在完成我的任务，你知道的，和那些迷失的灵魂交谈什么的......
TutoQ48R1;"Vous avez décidé de faire comme si je n’étais pas là, c’est ça !?
";Are you really ignoring me right now? ;你决定当我不存在？就这样？
TutoQ49;"LEUR PARLER !? Après plusieurs milliers d’années tu n’arrives toujours pas à comprendre qu’on doit rester à distance et les observer !? 
On va encore avoir des problèmes…";TALKING TO THEM!? After thousands of years, you still don't understand we have to watch them from afar!? Oh boy, we're gonna be in so much trouble... ;就这样？几千年了，你还不明白 我们必须保持距离，观察他们？我们还会有麻烦的......
TutoQ49R1;Attendez ! Comment ça des milliers d’années !?;Wait! What do you mean, thousands of years !?;等等 你说 一千年 是什么意思？
TutoQ50;Je suis désolé, je ne voulais pas t’attirer d’ennuis… Mais tu sais comme je suis, c’est plus fort que moi…;I'm so sorry. I didn't mean to cause any trouble... But you know me, I can't help myself... ;对不起... 我不想给您添麻烦......您知道我的脾气，比我强多了。
TutoQ51;"
Oui, tu as bon coeur, parfois un peu trop si tu veux mon avis.";I know, you have a good heart. Sometimes even a bit too much, in my opinion. ;是的，你的炉灶很好，如果你想听我的意见，那就有点过分了。
TutoQ51R1;Arrêtez de m’ignorer !;Stop ignoring me !;别再无视我了！
TutoQ52;Oh mince ! Désolé que tu aies dû assister à cette scène, jeune âme errante…;Ah, crap! Sorry you had to see that, young wandering soul. ;Oups，很抱歉你不得不协助这一幕，迷失的年轻人......
TutoQ53;Tu ne vas quand même pas t’excuser ! C’est une âme errante, alors qu’elle retourne errer ! Du balais !;Oh come on, don't apologize to him! He's a wandering soul, better get back at wandering! Hush, get out of the way! ;你不能给他找借口！他是个游魂，回去游荡吧！让开！
TutoQ54;J’ai perdu assez de temps avec vous deux, mais la prochaine fois, tu ferais mieux de tenir ta langue, avorton.;I lost enough time with the both of you, but next time you should hold your mouth, little runt. ;和你们俩在一起我耽误的时间够多了，不过下次你该闭上嘴巴了，小矮子
TutoQ55;Tu es content ? On va penser que nous n’avons aucun savoir vivre…;Happy now? Everyone's gonna think we have no manners... ;你高兴了？他会认为我们没有礼貌
TutoQ56;J’y suis peut-être allé un peu fort, je dois l’admettre… Il avait l’air particulièrement simple à énerver celui-là, je sens qu’il va causer des problèmes.;...I was a bit brutal, I have to admit. That one seemed to have very obvious anger issues, I have a hunch that he'll cause future problems. ;......我必须承认，我是有点粗暴......不过，他似乎很容易生气...... 我觉得他将来会是个麻烦。
TutoQ57;À toi d'utiliser tes compétences pour t'en débarrasser.;You can use your skills to get rid of it. ;
TutoQ58;Toutes mes félicitations, tu t’en es bien sorti ! Mais il me reste une dernière chose à te montrer. Tu vois ce qu'il reste de cette pauvre âme errante ?;Congratulations, well done! One last thing, do you see this poor wandering soul's remains ? ;
TutoQ59;Ces “cristaux”, c’est ce qu’il reste des âmes une fois réduites à leur état primaire : leur Essence. Tu peux les prendre et les rendre au grand cycle dans un autel, un échange équitable pour te renforcer, ou les consommer pour te soigner.;"These ""cristals"" are the soul's remains once reduced to it's primary form: Essence. You can take them, either to introduce them back to the great cycle at an altar, a fair trade to strengthen yourself, or consume them to heal yourself. ";
TutoQ59R1;Mon choix est fait.;My choice is done.;
TutoQ60;Fais attention. Ici, ton humanité, ta Conscience {stat value=CONS}, te change. Tu réagiras différemment suivant ton état de conscience, et certaines compétences peuvent te la drainer, prend garde.;Be wary. In here, your humanity, your Conscience {stat value=CONS}, changes you. You'll react differently depending on your Conscience's state and some skills will drain it, be cautious.;
TutoQ61;Chaque personne trouve une manière différente de regagner sa conscience, à toi de trouver celle qui t'est propre. ;Everyone has their own way to regain conscience, you'll have to find yours. ;
TutoQ62;Il y a encore d'autre manières de gagner ou de perdre de la conscience, tu les découvriras bien assez tôt. ;There are many other ways to gain or lose conscience, you'll find out about them soon enough.;
TutoQ63;"La conviction permet, tout les 4 buff, de gagner un boost sur le suivant. Plus elle est élevée, plus le boost sera grand. 
Si elle est négative, c'est sur les débuff que les boost s'appliqueront !";"Conviction allows you, every 4 buffs, to gain a boost for the next one. The higher the conviction is, the greater the boost.
Careful, if it becomes negative, the debuffs will be boosted instead.";
CombatE1N1I;Bienvenue à toi, mon fils ! Le royaume de notre Seigneur te tend les bras, tu peux te reposer à présent !;Welcome my child! You are in the Lord's realm. You may rest in peace here.;欢迎你，我的孩子！你来到了上帝的国度。你可以在此安息
CombatE1N1RJ1;S'il y a un seigneur en ces lieux, je souhaite le rencontrer. Mène-moi à ton roi.;Take me to this lord of yours. ;带我去见你的主
CombatE1N1RE1;Notre roi, comme tu l'appelles, est tout autour de nous, même en ton coeur, car il a créé ce paradis !;Can you not feel our Lord's embrace? He is all around us. He is in your own heart. We owe him everything.;你感受不到主的拥抱吗？他就在我们身边 他就在你的心中 我们欠他一切
CombatE1N1RJ2;Il n'y a pas de roi dans mon coeur, tu dois faire erreur, vieil homme.;You must be mistaken, old man. There is no lord in my heart.;你一定弄错了，老头 我心中没有主
CombatE1N1F1;Tu dis vrai, j'ai fait erreur, tu n'étais qu'un païen de plus.;Forgive me Lord for welcoming a Heretic into your hallowed halls, I shall correct that mistake. ;主啊，请原谅我把一个异教徒 迎进了您神圣的殿堂
CombatE1N1RJ3;"Ton ""roi"" ne m'évoque rien, et s'il se dresse sur mon chemin, ce ne sera qu'un seigneur de plus dont la famille recevra la tête devant la porte.";These words mean nothing to me. If he dares stand in my way, this lord of yours won't be the first one I'll behead for his family to see.;你拒绝了主爱的怀抱 你将感受到他的愤怒
CombatE1N1F2;Tu refuses l'amour du seigneur ?! Tu recevras donc son châtiment !;You refuse our Lord's loving embrace. You will feel his wrath instead.;你拒绝主爱的拥抱 你将感受到他的愤怒
CombatE1N1RJ4;On m'a dit qu'il fallait traverser cet endroit pour me réincarner, tu comprendras que je n'ai aucune envie de me reposer;I was told that the path back to my world would lead me through here. I cannot stop and rest, I must be on my way.;我被告知回到我的世界的路 会带我穿过这里 我不能停下来休息 我必须上路了
CombatE1N1RE2;C'est l'enfer qui t'attend si tu quittes ce paradis ! Quel imbécile choisirait de quitter un endroit si délicieux ?;It's hell that await you if you leave this paradise ! What fool would leave such a beautiful place ? You would forsake our Lord's paradise for the hellfire and damnation that awaits you outside? Surely you jest.;如果你离开这个天堂，等待你的将是地狱！哪个傻瓜会离开这么美丽的地方？ 你会为了外面等待你的地狱之火和诅咒而放弃主的天堂？你肯定是在开玩笑
CombatE1N1RJ5;Délicieux ? Il pue la chair calcinée ton paradis.;Paradise? Your hallowed halls reek of burnt flesh.;天堂？你神圣的殿堂散发着烧焦的肉味
CombatE1N1RJ6;J'ai fait plus de guerres que tu n'as de doigts pour les compter, ton enfer ne m'effraie pas, vieil homme.;I've bled and suffered through a hundred wars. A little hellfire won't stop me.;我经历过上百次战争的流血和痛苦 一点地狱之火也阻止不了我
CombatE1N1F3;Si tu tiens tant à souffrir, voici un avant-goût de ce qui t'attend.;Who am I to keep you from your suffering. Here is a little taste, as a parting gift.;我有什么资格阻止你受苦呢？这里有一点味道 作为临别礼物
CombatE1N1F4;Préserver la pureté de ce lieu nécessite des sacrifices, tu n'en seras qu'un de plus.;If you don't stay as a guest. You will rest here as a corpse. Our Lord welcomes your sacrifice.;如果你不愿意留在这里做客 你将在此长眠 我们的主欢迎你的牺牲
CombatE1N2I;Eh toi ! T'as vraiment l'air très fort ! Viens avec nous, comme ça on aura plus peur des autres !;Traveller! That's a big knife. You come with us, and we won't be afraid no more. You are our Big Knife Man now.;旅行者 那是把大刀 你跟我们走 我们就再也不怕了 你现在就是我们的大刀侠了
CombatE1N2RJ1;"Vous rejoindre ? Qui ça ""vous"" ? Et vous êtes combien ? Parce que j'ai pas besoin de boulets, je me débrouille très bien tout seul.";"What? There is no ""us"". I work alone. I don't need you runts weighing me down.";什么？没有 我们 我独自行动 我不需要你们这些侏儒来拖累我
CombatE1N2RE1;Maintenant, on est plus que trois, moi, ma soeur et le maitre. Mais le maitre, il a dit, tant qu'on reste ensemble, on survivra !;It's just my Master, my sister and I. There were others but… anyway, If we stick together, we will survive. I know this. The Master has spoken it.;只有我师父、我妹妹和我 还有其他人，但... 总之，只要我们团结一致，就能活下去 这我知道 主人已经说过了
CombatE1N2RJ2;"En regardant ton ""maitre"", je ne vois ni un homme, ni un protecteur. Alors bonne chance, gamine. Maintenant hors de mon chemin !";Your Master is neither man nor protector. Run along runt, I have nothing else to say to you. Scram.;你的主人既不是人 也不是保护者 走吧，矮子，我没话跟你说了 滚开
CombatE1N2F1;Ho ! Je vais le dire au maître ! Il va pas être content ! Maiiitre ! ;That's it, Big Knife Man, I'll tell Master, and he won't be happy! Masteeeeeeeeer!;大刀客，你这样会惹师父生气的
CombatE1N2RJ3;Je ne suis pas là pour survivre petite, mais pour avancer. Tu ne peux pas me suivre, même avec la meilleure volonté du monde. Retourne auprès de ta soeur.;I'm no tourist or villager. I don't intend to settle here. I go where you cannot follow. Return to your sister.;我不是游客或村民 我不打算在这里定居。我去你跟不上的地方 回到你姐姐身边
CombatE1N2F2;Maître maître ! Il m'a poussé ! Punissez-le !;Master, he pushed me! Punish him!;师父，他推我 罚他
CombatE1N2RJ4;"Comment ça ""les autres "" ? Pour moi, vous êtes tous ""les autres"". Vous m'inspirez aucune confiance.";Others? You could join them in whatever twisted afterlife they've found themselves in, I couldn't care less.;其他人呢？你可以跟他们一起去死 我才不管呢
CombatE1N2RE2;Au début le maitre il me faisait peur aussi, mais depuis qu'on est ensemble, on est une grande famille ! On peut t'adopter aussi !;The Master can seem scary at first but you just have to let him welcome you. Become a part of our family, Big Knife Man.;主人一开始看起来很可怕，但你必须让他欢迎你。成为我们大家庭的一员吧 大刀客
CombatE1N2RJ5;J'ai déjà une famille où se trouve ma place. Tout ce que tu fais, c'est m'empêcher d'aller la retrouver.;I have a family waiting for me, and every second I waste on you keeps me from them.;我有家人在等我 我在你身上浪费的每一秒 都会让我远离他们
CombatE1N2RJ6;S'il est ton maître, vous n'êtes pas une famille, juste des esclaves. Arrête de rêver petite. ;What family has a master? You are nothing but slaves. ;哪个家庭会有主人？你们不过是奴隶
CombatE1N2F3;T'es comme les autres, tu veux pas venir avec nous ... T'es plus le bienvenu ! ;Big Knife Man, you are evil like the rest. You cannot be a part of our family.;大刀客，你和其他人一样邪恶 你不能成为我们家的一员
CombatE1N2F4;Tu dis n'importe quoi ! Le maître m'aime pour de vrai ! Je te laisserai pas dire ça de lui !;Master loves us. Master loves us truly. You are bad Big Knife Man, you are very bad indeed.;主人爱我们 主人真心爱我们 你很坏 大刀客 你真的很坏
CombatE1N2RJ7;Si tu veux vraiment survivre, tu peux venir avec moi, mais essaye de pas me gêner. Par contre, hors de question que le démon derrière toi vienne aussi.;If you brats want to survive, you can follow me. That sickening demon of shadow and bone can keep its distance before I slay it.;如果你们这些小鬼想活命，可以跟着我。在我杀死那个令人作呕的骨影恶魔之前，你们最好离它远点。
CombatE1N2RE3;Mais c'est pas un démon, c'est le maître ! Le maître est gentil avec nous. Le maître il sait ce qu'il nous faut.;Demon? That is our Master. Master is Good. Master is True. Master knows what we need.;恶魔？那是我们的主人 主人是善的 主人是真 主人知道我们需要什么
CombatE1N2RJ8;Je vois que tu possèdes déjà son esprit, démon. Mais ce sera le dernier enfant sur lequel tu auras apposé ta marque !;These are no children. They are mere shells that you speak through. Wretched devil, how many more kids will you consume before you are stopped!;他们不是孩子 他们只是你借以说话的躯壳 可恶的魔鬼 你还要吃掉多少孩子 才能阻止你？
CombatE1N2RJ9;Écarte-toi, gamine ! Toi qui souhaites tant survivre, je te conseille de pas interférer.;Stay back brat. If you want to survive, you'll keep out of this.;退后，臭小子 如果你想活命 就别管这事
CombatE1N2F5;Non ! Arrêtez ça ! Ne vous en prenez pas au maître ! Je dois protéger le mai... Aïe !;No! Master is Good. I will protect Master. Master is True. I will protect Master. ;不 师父是好人 我会保护师父 师父是真 我会保护师父
CombatE1N2F6;Comment oses-tu donner des ordres à mes larbins !? Tu aurais mieux fait d'accepter ma proposition initiale, étranger !;Tch Tch Tch, you could have been a part of our loving family, traveller. Now my children will play with your corpse.;啧啧啧 你本可以成为我们温馨大家庭的一员 旅行者 现在我的孩子们要和你的尸体玩耍了
CombatE1C1I;J'avoue que j'ai été un peu dur avec toi, si on veut vraiment parler de déceptions de la famille, en voilà une belle !;And here I thought you were a blight on our family name but look here! It's your son, who has far surpassed you in that regard. What a disappointment.;我还以为你是我们家族的污点 但看看这里 是你的儿子，他在这方面远远超过了你。真让人失望
CombatE1C1RJ1;Encore une voix que je me serrais bien passé d'entendre à nouveau. Tu aurais dû rester mort, vieillard.;Hearing your voice again is one more time than I needed. You should have stayed dead, you old prune.;再次听到你的声音已经超出了我的需要 你应该死了才对 你这个老顽固
CombatE1C1RE1;Je t'interdis de manquer de respect à ton grand-père ! C'est l'un des hommes sans qui notre nom ne vaudrait rien, modère tes paroles !; Stay your tongue whelp! That is your grandfather. You are nothing without his name.;少废话 那是你爷爷 没有他的名字，你什么都不是
CombatE1C1RJ2;HA ! Certes il a mérité le respect, mais parce que tout le monde le craignait, jusqu'à sa propre famille. ;His name? I can do without that cursed name. It is nothing but a rag soaked in fear pretending to be a shawl.;他的名字？我可以不要那个被诅咒的名字 它只不过是一块被恐惧浸透的破布 假装是披肩而已
CombatE1C1RJ3;Tu me fais de la peine. Même après  tout ce temps, tu continues de baiser les pieds de ton bourreau. ;I pity you, father. Even now, centuries later, you run to him like a puppy and lick his sordid feet.;我可怜你的父亲 即使在几百年后的今天，你还像小狗一样跑到他身边，舔他肮脏的脚。
CombatE1C1F1;Tu sembles avoir oublié les raisons que tu avais de me craindre. Je vais te rafraichir la mémoire, petit impertinent.;You forget yourself. Perhaps I need to drown you in the very fear you dismiss so casually.;你忘了自己 也许我需要把你淹没在 你随随便便就能忽视的恐惧中
CombatE1C1F2; Tu fais preuve de bien trop d'insolence en t'adressant à ton père. Je vais devoir te remettre à la place qui est la tienne.;You dare talk to your father like that? I must remind you of what happens to insolent curs who can't heel.;你竟敢这样跟你父亲说话？我得提醒你，傲慢无礼又不听话的人 会有什么下场。
CombatE1C1RJ4;Une déception ? J'aimerais bien savoir qui à tes yeux n'en est pas une, toi qui as tout vu, tout fait, le grand conquérant ! Qui peut satisfaire tes ambitions ?;A disappointment? Oh great conqueror you are. You made your enemies tremble when you were alive, and now they spit on your grave. You built a kingdom on fear and nothing else.;失望吗？你是伟大的征服者 你活着的时候让你的敌人胆战心惊 现在他们却唾弃你的坟墓 你把王国建立在恐惧之上，别无其他。
CombatE1C1RE2;J'espérais que ta descendance relèverait le niveau, mais tu n'as même pas été capable d'avoir un héritier. Encore une belle façon de t'illustrer.;And whose fault is that? You were supposed to be the greatest of all but here you are, weak and spineless. You couldn't even birth an heir. You aren't worthy of my legacy. ;这是谁的错？你本该是最伟大的人 但你现在却软弱无能 你甚至生不出一个继承人 你不配继承我的遗产
CombatE1C1RJ5;A t'entendre on dirait que ma fille n'a même pas existé. Tu n'as jamais daigné retenir son prénom. Elle n'aurait jamais pu accéder au trône, mais cela n'a jamais changé ma fierté pour elle. ;She could have never succeeded me on the throne, but her worth in my eyes and pride in my heart never declined. On the contrary to you, who never even deigned to remember her name or recognise her existence.;我生的女儿比你强多了 她肯定比我值钱多了 她也许是我们这个被诅咒的姓氏中 第一个让我感到骄傲的人
CombatE1C1RJ6;Même ça tu voulais le contrôler ? Mon destin était-il écrit avant même que je sois né ? Aucune de mes actions ne m'appartient, c'est ça ?;I was supposed to be the greatest? Was my fate written before I was born? Even that did you try to control? Were any of my actions and choices my own?;我本该是最伟大的？我的命运在我出生之前就已经注定了吗？就连这也是你想控制的吗？我的任何行为和选择都是我自己的吗？
CombatE1C1F3;Tu es fier d'elle ? Attends de voir ce qu'elle est devenue, tu vas vite ravaler ta fierté. Mais avant ça, ce que tu vas avaler, c'est tes dents !;You're proud of her? You're in for a surprise then. You're even more far gone than I thought, and you need to be retrained. When I am done with you, you'll swallow your teeth alongside your distasteful stubbornness.;你以此为荣？那你就大吃一惊了 你比我想象的还要堕落 你需要重新接受训练
CombatE1C1F4;Tu avais le choix : cet héritage que tu as échoué à transmettre c'était des centaines d'années d'histoire. Tu as préféré te rebeller. Tes actes t'appartiennent et tu vas faire face à leurs conséquences.;You are an entitled brat to think that your life was ever just your own. Our forefathers didn't build an empire to last a thousand years for you to come along and dash it to the ground.;你是个有权有势的小鬼，以为你的生活只属于你自己。我们的祖先建立了一个延续千年的帝国 不是为了让你来把它夷为平地的
CombatE1C2I;Eh, guerrier, viens voir ! Dis-leur toi, on fait presque le même métier, pas vrai ?;Ay Warrior, come here. We're in the same line of work, you and I. Don't you love the smell of blood?;勇士 过来 我们是同行 你不喜欢血腥味吗？
CombatE1C2RJ1;Tu devrais tenir ta langue si tu ne veux pas que je te la coupe. Plus qu'un conseil, c'est un ordre.;Shut your mouth, or I'll shut it for you.;闭上你的嘴，不然我让你闭嘴
CombatE1C2RE1;Ah ben vous voyez, lui aussi il aime couper de la viande ! Si tu veux ma langue, vient la chercher, je suis déjà mort, qu'est-ce que tu pourrais faire de plus ?;Oh you're so scary. Look at me, I'm shivering. Fuck off. I'm already dead, anything else you do is quite literally overkill.;你真可怕 看着我 我在发抖 滚开 我已经死了 你再做什么都是矫枉过正
CombatE1C2RJ2;Si tu n'as pas appris le respect de ton vivant, et que la mort n'a rien arrangé, autant écourter ton séjour ici.;Looks like no one during your life taught you respect. Even in death, you have a foul mouth.;看来没人教你尊重别人 你嘴巴真臭
CombatE1C2RJ3;Même morts, nous ne sommes pas pareils. Ici comme ailleurs, nous devons garder notre place, et tu sembles avoir oublié celle qui est la tienne.;Be it in life or in death, we are not the same. You forget yourself. You forget your place. ;你忘了你自己 你忘了你的位置 我们不一样
CombatE1C2F1;J'ai plié le dos toute ma vie, compte sur moi pour rester fier dans la mort. Viens, guerrier, on va régler ça d'homme à homme.;I spit on your respect and your place. All my life I've bent the knee to people like you. Here, my knife will cut just as deep as yours. Let us settle this, as equals.;我唾弃你的尊重和地位 我一生都在向你这样的人屈膝投降 在这里，我的刀会和你的一样锋利 让我们平等地解决这件事
CombatE1C2F2;Tu aimerais que ce soit le cas, toi qui es né sous une bonne étoile, avec une cuiller en argent enfoncée jusque dans ton intestin. Mais ici, ce n'est pas en esclave de ma condition que je me tiens devant toi, mais en homme libre.;You High-born fool, born with a silver spoon rammed up your arse. In death, it is not as a slave from my condition that I stand my ground, but as a free man.;你这个天生的傻瓜 你这个一出生就被银汤匙塞满屁股的人 死后我们是一样的 当我让你流血时 你的血也会像我一样鲜红
CombatE1C2RJ4;Comment peux-tu imaginer comparer ce que nous faisons ? ça n'a rien à voir !;We are not the same! And you are a fool to think so.;我们不一样 你这么想就太傻了
CombatE1C2RE2;C'est pourtant simple : on découpe tous les deux de la viande. La seule différence, c'est que tu tranches de la viande vivante dont personne ne profitera.;We both carry big knives, and we cut through flesh. At least, I feed people. When have you ever helped someone with that knife of yours?;我们都带着大刀，都能割肉 至少我给人吃的 你什么时候用你的刀帮助过别人？
CombatE1C2RJ5;Cette viande dont tu parles, c'est celle des ennemis qui attaquent notre peuple. J'ai apporté la paix en vous protégeant, bande d'ingrats !;I cut through enemies that would take the land you live on. I'm the reason you even had a chance to live your sorry excuse of a life in peace.;我切开的敌人会夺走你赖以生存的土地 是我让你有机会过上平静的生活
CombatE1C2RJ6;Tu oses comparer ton misérable établi avec la responsabilité de mener nos soldats à la bataille ? J'ai dû prendre des décisions qui auraient changé ton existence insignifiante ! Et toi, misérable ingrat, tu m'insultes ?! C'en est trop, tu aurais dû réfléchir avant de parler ainsi.;You compare your miserable butchery to leading soldiers into battle? I had to make decisions that would change the world you live your insignificant life in. Now, that's enough with your meaningless yapping, I shall put you to silence. ;你把自己悲惨的屠戮比作国王的工作？你带领士兵上过战场吗？你做出过改变世界面貌的决定吗？你是我脚下的蝼蚁、蚊子、蚂蚁。
CombatE1C2F3;La paix ?! Quelle blague ! Et tu penses que je ne sais pas me défendre ni ma famille ? Allez, viens, je vais te montrer.;Peace? A wretched peace it was. And I'm perfectly capable to defend myself and my family. Let me show you how. ;和平？那是可悲的和平。看着我的孩子在街上挨饿挨打，而你们却在自己的宫殿里腐烂。你们对墙外一无所知
CombatE1C2F4;Je dis les choses comme je les pense et je suis prêt à en assumer les conséquences. Je n'ai plus peur de la mort désormais.;I wonder, when I slit your mighty throat, if you'll struggle like a fat goat. How the mighty fall.;我想知道当我割断你强大的喉咙时 你是否会像肥羊一样挣扎 强者如何陨落
CombatE1B1I;Halte, âme mortelle ! Par-delà cette porte se trouvent les royaumes infernaux et défendus. Rebrousse chemin tant que tu le peux encore !;Halt Mortal. This is the door to the Kingdom of Damnation. Turn back while you still can!;停下，凡人 这是通往诅咒之国的大门 趁你还能回头
CombatE1B1RJ1;Excuse-moi gardienne, mais on m'a dit que mon salut et mon devoir étaient de passer au-delà de cette porte, je vais donc te demander de me laisser passer.;Step aside Guardian, my journey takes me through here and I must pass. Let me be.;靠边站 守护者 我的旅程要经过这里 我必须过去 让我过去吧
CombatE1B1RE1;Pauvre innocent ! Tu as été induit en erreur ! Le diable t'a murmuré ses tentations, et toi, brebis égarée, tu l'as cru, te jetant dans la gueule du loup de toi-même ! Je ne te laisserai pas te damner ainsi !;Fool! The Devil has seduced you, lost lamb. Do not believe his lies. Turn back while you still can. ;傻瓜 魔鬼引诱了你 不要相信他的谎言 趁你还能回头
CombatE1B1RJ2;J'ignore qui est ce diable dont tu parles, mais je sens en mon âme que la réponse ne se trouve pas ici. Personne ne me manipule, je suis maitre de mon propre destin, et il est derrière toi, gardienne !;All of you with your Devils and Lords can fuck off. I have a duty in the land of the living and if the path to it is behind you then I will not be kept from it. Move or be moved.;你们这些恶魔和领主都可以滚蛋了 我在生者之地有我的职责 如果通往生者之地的路就在你们身后 我不会被阻挡的 要么走，要么被赶走
CombatE1B1RJ3;Je me moque de ton dieu et de ton diable comme d'une guigne ! Si même eux ne peuvent pas m'arrêter, je doute que tu le puisses ! Hors de mon chemin !;Where is this devil? Where is your Lord? I have seen neither. Perhaps they don't exist. Perhaps you should get out of my way.;魔鬼在哪里？你的主在哪里？我都没见过 也许他们根本不存在 也许你该让开
CombatE1B1F1;Le Seigneur m'a conduit de sa mission divine, m'interdisant de laisser les âmes égarées se perdre face au Malin ! Je suis le bras armé du Seigneur et ma mission est irrévocable, dussé-je te forcer à rester ici contre ton gré !;I'm the arm of our Lord. I cannot stand idly by while a soul damns itself.  I shall stop you here, by force if I need to.;我是上帝的臂膀 我不能袖手旁观 看着灵魂自取灭亡 我会在这里阻止你 必要时我会用武力
CombatE1B1F2;Tu oses blasphémer devant moi ?! Je devrais t'envoyer dans les torrents infernaux pour te châtier ! Sois-tu sot ou téméraire, je prie pour que le Seigneur soit miséricordieux avec ton âme, car je vais te renvoyer à lui !;Be it out of foolishness or recklessness, I should send you to the infernal torrents. May the Lord forgive you your blasphemies, for I am not as generous and will send Him your wretched soul right now!;愿上帝宽恕你的亵渎。我现在就把你可悲的灵魂送去见他
CombatE1B1RJ4;Ton enfer ne me fait pas peur, rien ne pourra être pire que les batailles que j'ai affrontées. Écarte-toi, je suis déjà prêt.;I've been through enough hell when I was alive. What's a little more? How hard can it be?;我活着的时候经历的地狱够多了 再多一点又如何？能有多难？
CombatE1B1RE2;Ton ignorance n'est que malice, tu ne sais rien des combats que nous avons menés ! Nous nous sommes battus sans relâche pour faire de cet endroit ce qu'il est aujourd'hui, à la gloire du Seigneur ! Je ne te laisserai pas passer !;You are ignorant. You are foolish. Our Lord have mercy on your soul. I will not let you pass little lamb. We have worked far too hard to make this place the way it is now. ;你太无知了 你太愚蠢了 愿主怜悯你的灵魂 我不会让你通过的 小羔羊 我们付出了太多的努力 才让这里变成现在这个样子
CombatE1B1RJ5;Mais bon sang, pourquoi ?! Passer ou rester ne concerne que moi ! Je ne vous laisserai pas m'empêcher d'accéder à ma nouvelle vie !;But strange maiden, why, bloody hell, why? Why would you be concerned by my passage through these lands? No matter the reason, I won't let you prevent me from accessing a new life!  ;如果你不让我继续我的旅程 那我就只能把你当成障碍和绊脚石了 如果你挡了我的路，你就会被毁灭。
CombatE1B1RJ6;Attendez, n'est-ce pas ici le domaine des dieux, infini, immuable et éternel ? Avez-vous osé l'altérer ? Pourquoi ?!;You worked hard to make God's paradise the way it is now? Was your Lord too weak and stupid to do it himself?;你辛辛苦苦把上帝的乐园变成了现在这个样子？难道你的主太软弱、太愚蠢，不能亲自动手吗？
CombatE1B1F3;Si tu venais à descendre, tu disparaitrais et ton âme enfournée les renforcerait encore plus, que tu le veuilles ou non ! Ignorance ou inconscience ne sont point vertus, je garderai cette voie ! Seigneur guidez ma lame, et qu'il disparaisse de ma vue !;Your soul would end up fuelling them and they would only grow stronger, you do not realise the consequences of your ignorance and recklessness! I shall keep my ways, Lord, guide my sword and have him disappear from these holy grounds!;我试着跟你讲道理，但你已经无能为力了。你的亵渎已经让你无可救药。你现在一文不值 也许你的牺牲能让你得到救赎 主啊，请指引我的刀锋，让我为你献上另一份祭品。
CombatE1B1F4;Ignorant ! Cet endroit était un champ de ruines avant ! Nous nous sommes battus pour ce sol sacré et avons restauré la présence de Dieu en ces lieux ! À présent, Seigneur guidez ma lame, aidez-moi à protéger ce qui est votre !;Foolish creature. This place was but ashes and bones before the armies of the Lord have restored His presence upon these holy lands. Now, Lord, guide my hand and help me protect what is yours!  ;你不知道自己说了什么，也不知道自己侮辱了谁。你一文不值。主啊，请指引我的刀锋，我将为你献上另一份祭品。
CombatE1B1RJ7;Je préfère mourir un millier de morts plutôt que de croupir d'immobilité dans ce lieu étrange. Je ne suis pas le bienvenu ici, et je ne souhaite pas l'être. Si tu ne me laisses pas passer, je forcerai le chemin.;I would rather die a thousand deaths than rot in immobility in this eery place. I am not welcome here, nor do I wish to be. Shall you not free the way, I will force it open myself.;
CombatE1B1RE3;Le malin t'a touché, et son chaos t'habite. Mais Dieu t'aime, tu es son enfant et tu peux connaitre la paix ici si tu laisses Sa lumière pénétrer ton coeur.;The Devil's caress is upon you and his chaos is inhabiting your soul. But God loves you, as you are His child. You shall know peace in these heavens if you let His light enter your heart.    ;
CombatE1B1RJ8;Peuh ! Mon père n'est pas un dieu faible qui demande à ses hommes de se battre à sa place. Je ne connais pas d'autre père que celui qui m'a fait naître et m'a forgé pour être qui je suis et mener mes plus belles batailles.;Heh ! My father isn't a weakling, requiring for men to fight in his name. I don't know another father than the one who birthed and forged me to be who I am and fight my most glorious battles!;
CombatE1B1RJ9;Ton dieu ne fait pas partie des miens. Il en est peut-être un avatar, mais je ne suis pas à ma place dans un lieu qui ne les représente pas tous à leur juste place. ;Your god isn't one of mine. He might be an avatar, but I do not belong in a place that isn't representing them all in their glory. ;
CombatE1B1F5;Puisque tu n'es pas prêt à recevoir Son amour, tu recevras Sa colère. Ta lame et ta lame sont tournées dans la mauvaise direction, brebis égarées, mais je te les ferais ravaler en même temps que ton arrogance !;You refuse His love and will suffer His wrath. Both your sword and your soul are headed in the wrong direction, but you'll choke on them both when I'll have you swallow your arrogance!;
CombatE1B1F6;Hérésie ! Dieu est unique et tout-puissant, comment oses-tu même mentionner ces idées barbares en ce lieu saint ! Puissent Ses feux et Sa colère te brûler pendant que je passerais ta langue au fil de mon épée ! ;Heresy! God is One and almighty, how dare you even spread the name of these barbaric ideas on these Holy grounds! May His fire and wrath burn you to ashes while I shall put your tongue to the sword!;
CombatE1C3I;...Dis... Est-ce qu'on peut faire semblant que tout va bien ? Juste une fois ? L'homme que tu étais me manque, tu sais....;... Tell me... Could we pretend everything is alright? Just this time? I miss the man you once were... ;
CombatE1C3RJ1;... Je ne peux pas faire semblant qu'un ami cher n'est pas mort. Surtout quand sa mort est de ma faute.;... I can't pretend a dear friend didn't die. Especially when I'm the one responsible for it. ;
CombatE1C3RE1;Tu n'as pas à te reprocher ma mort, j'ai fais ce que j'ai voulu et tu le sais ! Et ici, je peux continuer à le faire !;You don't have to feel guilty for my death, I did what I wanted and you know it! And here, I can continue doing so! ;
CombatE1C3RJ2;Sans mon intervention, tu aurais une femme et une famille à l'heure qu'il est... Et je t'ai volé ton futur...;Without my intervention, you'd have a wife and a family by now... And I stole your future away from you... ;
CombatE1C3RJ3;Comment ça ? Dhruv, tu es mort parce que tu n'étais pas à ta place, et après toutes ces années ici, tu n'as toujours pas voulu voir la vérité en face ?   ;What do you m.. Dhruv, you died because you weren't where you belonged, and after all these years in here, you still blind yourself with illusions? ;
CombatE1C3F1;Sans ton intervention, je me serais marié, aurais eu des enfant, suivi ce qu'on voulait de moi, puis je me serais pendu à 40 ans. Tu m'as aidé à faire ce que j'aimais, le combat ! En garde maintenant !;Without your intervention, I'd have been married, had children, followed what was wanted of me, and then I'd have hung myself by the time I was 40. You helped me doing what I loved, fighting! Now pick up your sword! ;
CombatE1C3F2; Pas à ma place ?! J'ai tué une dizaine d'ottoman a moi tout seul avant de me faire avoir dans le dos ! Laisse moi te montrer avant que tu ne me juges !;Not where I belonged?! I killed a dozen ottomans by myself before I was stabbed in the back! Let me show you before you judge me! ;
CombatE1C3RJ4;... Je suppose que je peux essayer, tu veux t'entrainer encore ?;... I suppose I can try. Do you want to train once more? ;
CombatE1C3RE2;Oui... Oui s'il te plait, cela fait si longtemps ! J'ai tellement hate d'en découdre avec toi et de prendre du plaisir comme à l'époque.;Yes... Please, it's been so long! I can't wait to battle you once more, and to feel that thrill like I used to. ;
CombatE1C3RJ5;Tu crois que tu arriveras à me battre ce coup-ci ? J'ai bien vieilli depuis la dernière fois qu'on s'est affrontés.;Do you truly think you can best me this time? I grew older since the last time we fought. ;
CombatE1C3RJ6;Quand je pense que la première fois que je t'avais entrainé, tu as fini en pleurant. Je n'aurais jamais cru que tu t'accrocherais autant. ;And to think the first time I trained you, you ended up in tears. I'd never have believed you'd end up loving it so much. ;
CombatE1C3F3;Tu était le meilleur guerrier du royaume. Tu n'es pas un vieil homme, tu es mon entraineur, mon maître et mon ami. Je ne connaitrais pas de plus grande félicité que le jour où j'arriverais à te battre ! ;You were the kingdom's best warrior. You're no old man, but my trainer, master, and friend. I'll never know higher felicity than the day I'll finally best you! ;
CombatE1C3F4;Tu m'avais fait tellement de bleus que j'étais mortifié à l'idée que mon père ne les trouve et me punisse ! Je pleurais de peur de ne pas pouvoir recommencer ! Mais je ne suis plus le même maintenant, viens me chercher !;You left so many bruises on me that I was mortified my father would find them and punish me! I was desperate to not being able to do it again! But I'm not the same anymore, come fight me now! ;
CombatE1C4I;Enfin ! Je n'ai fait qu'attendre notre nouvelle rencontre ! Quelle joie que de pouvoir se battre pour l'éternité ici à tes côtés !;Uncle. I have waited patiently for our next encounter. What a joy it is to fight by your side for all eternity!;
CombatE1C4RJ1;Ecoute Dhruv, il faut arreter ça. Ta dévotion est respectable, mais je n'aurais pas du t'enseigner l'art de l'épée, c'était une erreur. ;Dhruv, your devotion touches my soul but I should not have put a sword in your hands and try to teach you how to wield it. It was a mistake.;
CombatE1C4RE1;Pourquoi ? Après tout ce temps ?! Après tout ce que tu m'a appris ?!  Qu'ai-je fait de mal ?!;How can you say that? After everything I did. What did I do wrong? Tell me, I can do it better. I promise.;
CombatE1C4RJ2;Tu n'es pas fait pour ça. Tu n'a pas ce qu'il faut en toi. Tu ne pourras jamais être un guerrier. Ton cœur est vaillant mais ton corps ne peut pas le suivre ! ;You were not made to be a warrior. Your heart is willing but your flesh is weak. It is not your fault. It is simply your fate, accept it and move on.;
CombatE1C4RJ3;Je suis désolé Dhruv. Je voulais te faire plaisir, je voulais t'aider. Au lieu de cela, je t'ai mené à ta fin. Tu n'aurais jamais dû me suivre. Ta tendresse parle contre toi.;I truly am sorry Dhruv. You are too tender, too gentle to be a warrior. You could have been noble in other ways, I should have pushed you away. I just wanted to help but I killed you instead. ;
CombatE1C4F1;J'ai préfèré mourir en faisant ce que j'aime plutôt que de vivre en faisant ce que je n'aime pas, et je vais te le prouver encore une fois, en garde !;I died not only honourably but by pursuing what I love. I made my own choices. I will not disrespect you or myself by going down a different path. I'm a warrior and I will prove it to you.;
CombatE1C4F2;Nonsens ! Grâce à toi, j'ai atteint la gloire dans ma vie ! Et je t'en remercie, je suis fier de ce que j'ai acompli, même si pour toi ce n'est rien ! Et je continuerais encore jusqu’à ce que je te batte !;Nonsense ! It is thanks to you and all these hardships that I got what I wanted in life! I practiced and practiced and I will continue to do so until I can finally beat you! ;
CombatE1C4RJ4;Combien de temps comptes-tu encore perdre ici ? Cet endroit n'est pas pour nous ! Ne sais-tu pas que nous pouvons nous réincarner ? ;You don't have to lose time here, don't you know there is a path to reincarnation? This place isn't made for us. We can go back to the land of the living. ;
CombatE1C4RE2;Je peux enfin pratiquer ici ce dont j'ai été privé toute ma vie et toi tu veux me priver de cette liberté ?! Je pensais que toi, au moins, tu me comprendrais !;I can die a thousand times here. I can perfect everything you've ever taught me. I cannot leave now. You must understand, you are the one who taught me this, who made me this way. ;
CombatE1C4RJ5;Nous devons  à tout prix sortir d'ici ! Je te tirerais hors d'ici, quitte à emmener ton essence avec moi jusqu'à notre reincarnation ! Cette folie doit cesser !;Nephew, you must come back. I will take you with me, even if I have to carry your essence up until the end. This madness must come to an end! ;
CombatE1C4RJ6;Ce que j'ai pris pour une envie de jeunesse est en train de devenir une obsession Dhruv ! Tu dois cesser de te perdre et passer à autre chose !;This is no longer an interest, this is an obsession. Dhruv, stop this. Choose a different path, do not lose yourself on this one!;
CombatE1C4F3;Je refuse ! Plutôt rester mort mais libre que de retourner vivre une vie de contraintes et d'interdits ! ;I will not Uncle. You taught me to stand my ground and I do that here. Better free with the dead than restrained by the living.;
CombatE1C4F4;Pourquoi le voir comme un problême alors que je ne fais de mal a personne ? Je sais que tu es comme moi, toi aussi tu voulais juste qu'on te laisse tranquille et faire ce que tu aimais ! Ici je peux le faire encore et encore ! Je ne te laisserais pas m'arreter !;I've akways known that, deep down, you were like me. Yearning for a peaceful life, away from constraints and free to do what you love. Here, I have it all while harming no one, and I cannot let you strip that away from me. Even if that means dying a million more times, I will do so very gladly.  ;
Alea1C1I;Ah tiens, le revoilà ! Le grand roi daigne enfin rejoindre sa femme ! Quel honneur vous me faites là très cher !;Oh here comes the great, conquering king. Returning to his loving, lowly wife. Such an honour.;
Alea1C1RJ1;Quel plaisir de te revoir, Arya, comme toujours. ;As always, it is a pleasure to see you, Arya.;
Alea1C1RE1;J'espère que mon roi ne m'en veut pas pour la pauvreté de ma condition. Mon arrivée a été quelque peu brutale, tu t'en es bien assuré. ;I apologise for my condition. My trip was uncomfortable. You made sure of it.;
Alea1C1RJ2;Combien de fois encore vas-tu me reprocher le rite de sati, Arya ? Je ne contrôle pas nos rituels, sati est une tradition. ;How much longer can you blame me for what they did to you, Arya? I do not control our rituals. Sati is a tradition.;
Alea1C1RJ3;Je sais que tu n'approuves pas ma décision, mais le sati est une tradition sacrée. Tu te devais de suivre l'enseignement de nos ancêtres et me rejoindre dans la mort. Comme il en a toujours été le cas. ;I know you disapprove, but sati is a tradition. You were to join me in death. It is how it's always been done and was your duty to follow our ancestor's teachings.;
Alea1C1F1;Jusqu'à ce que tu m'entendes réellement. Tu aurais pu mais n'as rien fait pour qu'ils abandonnent cette tradition barbare ! C'est donc ça l'amour ? De me faire jeter sur un bûcher embrasé ? Quand je ferme les yeux, je n'entends que les sifflements du feu. Je souffre tellement !;Until you'll truly listen. You had power in your hands and wasted it by doing nothing to stop this barbaric tradition. Is this love? To have me thrown on a raging bonfire? I close my eyes and I can only feel flames. I'm suffering constantly !;
Alea1C1F2;Sais-tu seulement combien j'ai hurlé ? As tu déjà seulement imaginé sentir ta peau craqueler et se tordre sous les flammes ? Etais-ce la chaleur de ton amour que j'ai ressenti ? C'est donc cela le poids du mariage en ce monde ? Quelle malédiction. ;Did you know how long I screamed? Have you ever felt your skin shrivel and curl as flames embrace you? Was that your love I felt? Is this what it means to be married in our world? What a curse.;
Alea1C1RJ4;C'est donc comme ça que tu t'adresses à ton mari ? Je viens d'arriver et déjà tu me jettes ton venin au visage. Tu n'as jamais su te retenir de le cracher, et visiblement la Mort elle-même ne t'a pas appris la leçon. ;Is this how you talk to your husband? I've just arrived here and you lash out with such venom. You never knew how not to spit it, and apparently even Death herself hasn't taught you that.;
Alea1C1RE2;Notre fille a perdu ses deux parents. Méritait-elle cela ? J'aurais dû la voir grandir, la chérir et la guider, mais tous ces rêves ne sont plus que des cendres parce que tu as été assez imprudent pour mourir ! Et tu oses te plaindre de ma colère ?!;Our daughter lost both her parents. Did she deserve that? I should have seen her grow up, cherish her and guide her, but it all turned into ash because you were careless enough to die! And yet you complain that I lash out?;
Alea1C1RJ5;Notre tradition et notre histoire l'exigeaient. Comment notre nom aurait-il été retenu ? Comment notre fille l'aurait porté avec fierté si ses parents n'étaient pas morts honorablement ?;We must keep the traditions. What would our names and histories mean if we didn't honour them ? Our daughter can hold our head high knowing her parents died honourably.;
Alea1C1RJ6;Je la connais, notre fille est forte et suffisament agée désormais pour vivre sans nous. Elle n'aurait pas eu besoin de voir la réputation de sa mère trainée dans la boue parce qu'elle refusait de suivre les traditions. ;Don't talk to me about our daughter. She is strong and old enough. I raised her well. She didn't need to see her mother's reputation be tarnished because you wouldn't follow tradition.;
Alea1C1F3;Au bûcher avec tes histoires, apparemment plus importantes que ma vie. Tu crains pour ta réputation, mais elle a consumé tout ce que tu avais. Nous ne sommes que les dégâts collatéraux de ta fierté. Je ne vois pas de roi, seulement un lâche.;To hell with your histories, apparently they are worth more than my life. You fear for your reputation, yet it consumed everything else that you had. We're all the aftermath of your pride, and I see no King, only a coward.;
Alea1C1F4;Comme si elle avait besoin de voir sa mère mourir par les flammes ! Elle a à peine 10 ans ! Tu la connais si peu, pour ne pas savoir qu'elle doit être terrorisée et le coeur brisé. Je souffre ici, et je souffre encore plus de ne même pas pouvoir la consoler.;And she needed to see her mother aflame instead? She's barely 10! How little do you know her, to not realise how frightened and heartbroken she must be? I suffer here, and I suffer even more knowing I can't comfort her.;
Alea1C2I;J'en ai assez ! Je n'en peux plus ! Je veux que tu t'excuses ! Que tu reconnaisses tes torts ! Que tu souffres autant que j'ai souffert ! Pour une fois dans ta vie parle-moi, par les dieux ! Pourquoi as-tu fait de ma vie et de ma mort un enfer ?!;This is it, I've had enough! I demand apologies, I demand you take accountability for what you've done! I need you to suffer like I did! By the gods, for once in your bloody life, talk to me! Why did you make my life and death a living hell?!;
Alea1C2RJ1;Quels torts ?! Quelle souffrance ?! J'ai souffert, réellement souffert, à la guerre pendant que toi, tu restais en sécurité dans mon palais ! J'ai défendu mon pays pendant que toi, tu rendais ma vie aussi détestable que possible !;What I've done? Your suffering? You know nothing of pain, real pain! I fought at war, while you stayed safe and comfortable in my palace! While I was taking a break from defending my nation, you made it your life mission to make mine as loathsome as you possibly could! ;
Alea1C2RE1;La guerre, c'est bien la seule chose que tu as jamais eue à la bouche ! C'est elle ta vraie femme, moi j'étais à peine une amante qui n'avait même pas le droit à une caresse ! Tu n'avais qu'à l'épouser elle !;War, war, war! You embraced her more than you did me! She was the one, your true wife, whereas I barely lived as a concubine, not even deserving of a soft touch. You should have wed her instead !;
Alea1C2RJ2;... Quand je me réveillais la nuit, en sueur, à cause de visions de mort et de ruine, tu ne daignais même pas me donner un geste ou une parole réconfortante. Au mieux, tu me hurlais d'aller dans une autre pièce, comme on aboierait sur un chien mal dressé !;… You speak of soft caress, but when I woke up in the middle of the night, covered in sweat and haunted by visions of death and ruin, you never deigned to give me a soft touch or a kind word. At best, you barked at me to go sleep in another room, like you would a badly trained dog.;
Alea1C2RJ3;C'est donc ainsi que tu me vois réellement ? Un monstre sanguinaire qui aime plus la violence et le sang que sa propre femme ? ;So this is how you truly see me? A bloodthirsty monster, loving violence and spilled guts more than his wife?;
Alea1C2F1;Toutes les nuits pendant quatre ans ! Je n'en pouvais plus ! Si l'étiquette ne l'ordonnait pas, nous aurions dormi dans deux chambres séparées bien avant d'en arriver là !;It happened every single night for over four years! It was driving me mad, depriving both of us from sleep! We'd have slept in separate rooms long before that, if the protocol didn't command it. ;
Alea1C2F2;Parce que tu crois que je ne voyais pas dans tes yeux et ton pantalon le plaisir que tu prenais quand tu me battais moi ou notre fille ? L'homme doux que j'ai réussi à aimer jadis est mort quand tu as remporté ta première bataille !;Do you think I am naive? I saw in your eyes and in your pants the pleasure you took, beating me and our daughter. The kind man I fell in love with, an eternity ago, died when you won your first battle! ;
Alea1C2RJ4;J'ai fait tout ce que j'ai pu pour toi ! Je t'ai donné une condition et plus d'or que bien des femmes ne peuvent rêver de posséder ! Et c'est comme ça que tu me remercies ?!;I did everything I could for you, Arya! Gave you the condition of a queen, and more gold than any woman could ever dream of. And this is how you repay me?!  ;
Alea1C2RE2;Pff ! Pitoyable ! Un pitoyable mensonge de la part d'une loque qui ose encore s'appeler mon mari ! Tu te prétends guerrier mais tu n'arrives même pas à dire la vérité à ta propre femme !;Tsk! Pathetic! A wretched lie, coming from the rag that still has the audacity to call itself my husband! What a mighty warrior, not even able to speak truthfully to his own wife. ;
Alea1C2RJ5;Tu oses prétendre que tu n'as pas vécu dans un palais doré ? Que je ne te couvrais pas de cadeaux de la tête aux pieds quand je rentrais ? Que tu n'avais pas une vie de luxe ?!;What an ungrateful, spoilt woman. Could you deny living in a golden palace, being covered from head to toe by gifts whenever I laid foot in your presence, and living a life of utmost luxury?;
Alea1C2RJ6;... Dans d'autres circonstances, j'aurais peut-être pu faire plus. Mais cela faisait bien longtemps que tu ne me donnais plus de raison de le faire pour toi. ;… In other circumstances, I could have done better. But you stopped giving me reasons to try.;
Alea1C2F3;Tes cadeaux étaient sélectionnés par un serviteur, tu ne savais même pas ce que tu m'offrais ! Ils ne portent pas plus d'amour en eux que les mots creux que tu utilises pour pitoyablement essayer de te justifier. Je me moquais de tes cadeaux, c'était d'un mari aimant dont je voulais, pas d'objets vides de sens.;Those gifts you pride yourself on were chosen by a servant, you didn't know what you were giving me. They don't hold love, no more than the pitiful excuse of a reason you're blinding yourself with. Too self-absorbed to notice I didn't care about empty objects, when all I ever wanted was a loving husband.;
Alea1C2F4;Quand tu ne défoulais pas ta colère et tes coups sur moi, et que j'essayais de t'aider, tu me repoussais ! Tu ne m'as jamais laissée être à tes côtés, et c'est une vérité que tu refuses d'accepter ! ;When you weren't lashing out on me, I tried to help you. But you always pushed me back. Don't blame on me what you caused yourself, you never let me be by your side, and it's a truth you're blinding yourself to! ;
Alea1C2RJ7;C'est donc encore le rite de sati, hein ? J'ai essayé Arya, j'ai sincèrement essayé. Mais mes conseillers m'ont prévenu que le mécontentement serait trop grand. Rien n'est plus important en temps de guerre que la fidélité de son peuple.;This is about the sati rites again, isn't it ? I sincerely tried, Arya, I really did. But my counsellors warned me the risk of revolt we were facing. In times of war, nothing matters more than the loyalty of the people.;
Alea1C2RE3;C'était pour ça que j'ai brulé !? Pour ça que j'ai été consumé par les flammes ?! Pour ça que mes derniers instants m'ont fait souffrir le martyre ?! Pour du pouvoir ? Pour ne pas fragiliser ton précieux pouvoir ? J'aurais dû mettre fin à mes jours quand notre mariage a été arrangé !;THIS is why I was thrown on the pyre? THIS is why I was consumed by flames? THIS is why my last memories are nothing but excruciating pain ? For mere power? To not shake your precious sand castle? I should have drank poison the day our wedding was arranged !;
Alea1C2RJ8;J'ai essayé, Arya, vraiment. Je ne te l'ai pas dit parce que je ne voulais pas que tu vives dans la peur de ma mort...;I tried Arya, I truly and sincerely tried. But I didn't want you to live in fear of my passing, so I tried to protect you by shielding you with a lie. ;
Alea1C2RJ9;Non, c'était pour ne pas condamner un pays et des milliers de vies au prix de celle de ma femme ! Mes généraux ont commencé à s'insurger lorsque moi, qui me devais de diriger par l'exemple, demandait à être exempt de cette tradition ! J'ai dû me plier, même quand je les ai encouragés à abandonner le sati, rien n'a changé !;Of course not, I wasn't going to condemn an entire nation and thousands of lives in exchange for my wife's! Insurrection growled in my generals when I, as I was expected to lead by example, requested to be exempt of this tradition. Even when I suggested they abandon sati too, nothing changed! I had to yield.;
Alea1C2F5;... Mais j'ai vécu dans la peur. Et s'ajoutant à la peur j'avais la colère. Je croyais dur comme fer que tu te moquais de mon sort, que tu ne t'en étais jamais soucié. Tu aurais dû me le dire, beaucoup de choses auraient été différentes...;... But I did. I lived in fear, every day. And amidst the anguish, anger and resentment tortured me too. I believed you never cared about me. If only you had told me, so many things would have been different...;
Alea1C2F6;... Tu aurais dû me le dire. Je serais allée trouver chaque femme, mère, fille, tante de tes généraux et ensemble, nous leur aurions tous fait vivre l'enfer qu'ils nous forcent à subir ! Si seulement tu me l'avais dit, je n'aurais pas hésité, nous aurions pu faire tellement de choses ensemble. Si seulement tu avais osé me parler… Si seulement…;... If only you had told me. I would have gathered them all, every wife, mother, daughter of your generals. We would have them go through the same hell they were ready to throw us in! If only you had told me, I wouldn't have hesitated. We could have accomplished so much together... If only you had just talked to me. If only ...;
Alea1N1I;... [Silence];...[Silence];
Alea1N1RJ1;Eh bah alors, minus ? Tu te rappelles ma promesse ? Tu tiens ta langue tout seul maintenant que ton pote n'est plus là ?;Well, well, little one? Remember what promised? Holding your tongue now that your friend ain't here any more?;
Alea1N1RE1;Tu crois que tu es le premier à me menacer ainsi ? Je n'ai pas peur de toi, tu ne peux rien contre moi. Maintenant, cesse de m'ennuyer avant que je ne te mette une notation désastreuse !;Do you really think you're the first one to threaten me like this? I'm not afraid of you. You can't harm me. Now hush, stop bugging me before I give you a dire notation. ;
Alea1N1RJ2;Je vais te faire voir si je ne peux rien ! Tu crois que cette lame est un jouet ?! Que je bluffe ? Je veux des réponses !;You'll see if I can't harm you! You really think my sword is a toy or that I'm bluffing, don't you? Now, I want answers!;
Alea1N1RJ3;Tu as sacrément confiance en toi ! Tu crois que tu pourras m'arrêter avec tes parchemins ou que ta stupide notation a une importance pour moi ?;You have an awful lot of self-confidence to think you can stop me with these parchments or stupid notation. Do you really think they matter to me?;
Alea1N1F1;Penses-tu vraiment que cette arme et tes vêtements existent ? Ils sont ton âme et tes croyances matérialisés et ne sont là que parce que tu crois qu'ils existent. Sauf que ton âme est faible, ta lame est faible, donc maintenant du vent ! Je n'ai aucune réponse à te donner !;And you, do you really think your weapon or your clothes truly exist in here? They are your soul and beliefs materialised, and are by your side only because you believe them to exist. Except your soul is weak and so is your sword. Now hush! I don't have any answers to give you!;
Alea1N1F2;Même dénudé je t'arrêterai. Le doute et la peur t'habitent, tu t'affaiblis tout seul. En ce lieu, seul celui qui est convaincu au plus profond de lui-même d'être fort le devient et ne craint plus rien. Mais c'est une chose inimaginable pour un être humain que de n'avoir aucun doute et de croire en soi. Et toi, tu en es loin. Maintenant va, et ne reviens que lorsque tu auras appris cette leçon.;Even stripped from everything I would stop you. Doubt and fear inhabit you, and weaken your soul. In here, only one that is convinced deep down to be strong will be unstoppable. But to human beings, it is inconceivable to not doubt and to believe in oneself. And you, are so far away from that. Now be gone, and come back only when you'll have truly understood.;
Alea1N1RJ4;Qui êtes-vous, toi et ton ami ? Qu'est-ce que vous êtes ?;Who are you, you and your friend ? What exactly are you? ;
Alea1N1RE2;Des observateurs, rien de plus. Nous vous observons, vous les âmes, afin de décider quelle réincarnation vous sied. Si tant est que vous arriviez au bout. Là est notre rôle, rien de plus, rien de moins. ;Bystanders, nothing more. We observe you, the souls, then decide how best to reincarnate you. If you reach the end, that is. This is our role, nothing more, nothing less. ;
Alea1N1RJ5;Quelle est la force qui vous donne ce droit-là ? Êtes-vous des dieux ?;What power gives you that right? Are you gods? ;
Alea1N1RJ6;Un conseil à me donner pour arriver jusqu'au bout alors ? Une aide ? Quelque chose ?;Well then, any piece of wisdom to help me reach the end? Little help? Anything? ;
Alea1N1F3;Je n'ai pas à te répondre. Le strict nécessaire est communiqué aux âmes, toute information superflue ne ferait que vous déboussoler. Nous ne sommes pas si importants, ce qui compte c'est vous, et surtout votre parcours ici !;I don't have to answer you. The bare essential is communicated to you, souls. Any extraneous indication could trouble you. We're not that important. Not as crucial as you and your own path here, that is. ;
Alea1N1F4;"Toute aide directe nous est interdite, mais je peux te donner un conseil : tu es ici pour évoluer et comprendre. Réalise pourquoi tu as fait du tort à tes semblables et ne perds pas espoir. Tu sortiras d'ici tôt ou tard ; cet endroit n'est pas un enfer, mais un lieu d'apprentissage.";Any direct help is strictly forbidden, but I shall give you a piece of advice: You are here to understand and evolve. To realise why you did the things you did and hurt your peers. And don't lose hope, you'll be out of here eventually. This place is no hell, merely a place for learning.;
Alea1N2I;Oooooh, ça alors, c'est toi ! Alors comment vas-tu ?! Tu as l'air mieux que la dernière fois, c'est bien ! Je m'excuse encore pour mon collègue, il est un peu plus à cheval sur les règles que moi, mais il a bon fond, tu verras !;Oooooh, hey, it's you! How are you doing? You seem in much better shape than the last time I saw you, good for you! Apologies for my colleague, he's a little bit more rigid than I am, but he's a good lad, you'll see! ;
Alea1N2RJ1;Enfin quelqu'un d'amical ! Dis-moi, tu dois le savoir, sommes-nous ici dans le domaine des dieux ? Toute cette lumière, ces nuages, tout semble y faire allusion et pourtant, je n'y croise que des gens étranges !;Finally, a friendly face! Tell me, if anyone you should know, is this the gods' divine retreat? These blinding lights, fluffy clouds, everything points down to it, and yet, I only seem to encounter weird people here.;
Alea1N2RE1;Le domaine des dieux ?! Bien loin de là mon ami ! Ici, c'est le Passage, le lieu où les âmes perdues comme toi se rejoignent pour espérer accéder à leur nouvelle vie !;The gods' retreat?! Hah, far from it, my friend! In fact, we are in the Passage, a crossroad where lost souls like you gather, in the hopes to reincarnate. ;
Alea1N2RJ2;Tous les illuminés que j'ai croisés sur ma route qui m'ont assuré que nous sommes arrivés à leur paradis, disent-ils la vérité ? Ou bien était-ce faux, ça aussi ? Se bercent-ils tous d'illusions ?;Every single one of these fanatics vindicatively assured me we all are in their heaven. Are they telling the truth? Or was it all wishful thinking? ;
Alea1N2RJ3;Les âmes se rejoignent... Est-ce que cela signifie que ma famille m'attend ici ?! Que je vais rencontrer mes ancêtres ?! ;The gathering of souls... Does that mean my family is waiting for me here?! Or that I'll finally meet my revered ancestors?!;
Alea1N2F1;Le paradis ? Ici ?! Cet endroit n'existait même pas il y a 400 ans ! Non, le paradis ne se trouve pas ici… *marmonne* Je ne sais pas tout ce qu'ils font en dessous, mais il faudra que j'aille vérifier tout ça... Je dois te laisser, le devoir m'appelle ! Tâche de ne pas mourir à nouveau !;Heaven? Here? This place didn't even exist 400 years ago. No, no, heavens ain't here... *mumbling* I don't know what they're doing down below, but I sure should check on them... Gotta go, duty is calling me again! Try not to die again, would be a shame! ;
Alea1N2F2;Bien sûr ! Je suis convaincu que vos retrouvailles seront… Mémorables ! Ne t'en fais pas, tu reverras tous ceux que tu as marqués, j'en suis certain... Maintenant va ! Ils doivent tous attendre ta venue avec impatience !;Oh, but... of course! I am convinced your reunion will be... Something to remember. Don't you worry, you'll meet everyone you've marked, that's for sure... Now go! They must all impatiently await your arrival! ;
Alea1N2RJ4;Ah te revoilà ! Dis-moi, j'aurais besoin d'un coup de main, je n'arrive toujours pas à retrouver le souvenir que tu avais vu la dernière fois. Pourrais-tu m'aider ?;Ah, here you are again! Tell me, I am in need of a hand. I can't find the memory you showed me last time. Could you assist me? ;
Alea1N2RE2;Ah ! Désolé, ordre du chef, je ne peux pas t'aider, je n'ai pas envie de me faire taper sur les doigts ! J'aimerais vraiment t'assister, mais je ne peux pas. ;Ah, I'm sorry my friend, orders from the big boss, can't help you. Not that I don't want to, but I don't want to get slapped on the wrist. I truly would love to, but my hands are tied here. ;
Alea1N2RJ5;Tu es en train de me dire que le minus de la dernière fois est ton supérieur ? ;Your boss? Is that little one I saw last time your superior?!;
Alea1N2RJ6;Oh allez, tu n'as pas besoin de directement m'aider, mais n'y a-t-il réellement rien que tu puisses faire pour moi ? Vraiment ? On est copains pourtant, non ?;Oh come on! I don't need a direct help, but is there really nothing you can do? We're buddies, after all! ;
Alea1N2F3;Oh non ! Lui c'est juste mon collègue, ça fait un temps qu'on n'a pas vu le patron ! Vraiment longtemps qu'on n'a pas vu le patron... Bref, j'ai d'autres âmes à surveiller, désolé, et bonne chance ! Et si jamais quelque chose de positif arrive, ce n'est que pure coïncidence !;Him? Oh, no, he's just a colleague. It's been a long time since we last saw the boss. Real long time... Anyway, I have other souls to supervise, sorry and good luck! And if anything positive happens, it's merely a coincidence! ;
Alea1N2F4;"Ooooh je vais me faire taper sur les doigts... Bon, je peux t'aider à ""forcer un peu le destin"", mais ne le dis à personne ! Ooooh, j'espère que le patron ne va pas le remarquer !";"Ooooohh, this will surely get me in trouble... Well, I can help you to ""take destiny into your own hands"", but don't tell anyone! Ohh, I sure hope they won't notice! ";
Alea1C3I;… Au moins cette fois, tu n'empestes pas trop le sang et la mort. Tu as même l'air d'humeur à parler, je suppose que c'est déjà mieux que rien.;... At least, this time, you do not reek of guts and death. You even seem disposed to talk, which is better than nothing, I suppose.;
Alea1C3RJ1;Arya, tu m'excuseras d'avoir eu une invasion ottomane à repousser, mais d'avoir quand même essayé de rentrer de temps en temps pour dîner.;Oh well, you shall excuse me to have had an Ottoman invasion to repel, but still cleared my schedule enough to come home and eat dinner once in a while. ;
Alea1C3RE1;Je ne te reproche pas d'avoir fait la guerre. Je ne te reproche même pas qu'elle t'ait changé. Non, ce que je te reproche, c'est que tu aies fini par l'aimer plus que moi. ;I don't blame you for going to war. I don't even blame you for changing because of her. Where I truly blame you is for ending up loving her more than me.;
Alea1C3RJ2;Je vous aimais et vous détestais tout autant l'une que l'autre.;I loved and despised you both equally.;
Alea1C3RJ3;Je t'aimais, mais… Quand je n'étais pas sur les champs de bataille, je sentais en moi un vide infini grandir. La vie au palais me semblait si fade et insipide. Au moins, en train d'occire mes ennemis, je me sentais si… Vivant. Mais je ne m'attends pas à ce que tu comprennes.;Arya I... I loved you, but... When I wasn't on the battlefield, I could just feel an infinite void grow inside me. Palace life was insipid and devoid of life. At least, when I was slashing through enemies ranks I felt something. But I don't expect you to understand.;
Alea1C3F1;Pourtant, tu n'es jamais rentré chez nous, voir ton épouse et la chair de ta chair avec un grand sourire. Au contraire, quand on t'appelait au combat, c'étaient les seuls instants où je voyais ton visage devenir radieux… Aie au moins la décence de le reconnaitre.;Yet, it's never with a heart-warming smile that you returned home, to your wife and the flesh of your flesh. Quite the contrary, I could only see your face warm up when you were called to fight. If anything, have the decency to acknowledge it.;
Alea1C3F2;Tu as raison, je ne pourrais jamais comprendre. Je ne pourrais jamais, moi qui me sentais si vivante en voyant notre fille grandir et devenir une femme. Alors que toi, tu n'as jamais connu ce plaisir. Toi, que je plains si fort de devoir tuer pour se sentir vivant, quand tu avais la vie sous la forme de l'amour de ta fille à la maison.;You don't imagine how right you are. I could never understand. Not when I felt alive by watching our daughter grow into a woman. You've never known that delight. I sincerely pity you, having to kill to feel alive, when you had life incarnate, your own daughter, at home. ;
Alea1C3RJ4;Merci de le remarquer Arya, je me suis assuré de ne pas brutaliser tes sens délicats. ;I'm glad you noticed, Arya. I made sure not to brutalise your delicate senses. ;
Alea1C3RE2;Mes sens délicats ? Bien des femmes se seraient enfuies après seulement le quart de ce que tu as fait à mes sens. ;Delicate senses, you call them ? Many women would've run away, barely after a quarter of what you did to my senses.;
Alea1C3RJ5;Tu ne peux pas t'en empêcher, hein ? Toujours et encore à exagérer et à me dépeindre comme un monstre assoiffé de sang.;You really can't prevent yourself, can't you ? As always, exaggerating the facts and depicting me as a bloodthirsty monstrosity. ;
Alea1C3RJ6;Et pourquoi ne l'as-tu pas fait, Arya ? Pourquoi ne t'es-tu pas enfuie ? Pourquoi n'as-tu pas disparu ? J'aurais enfin connu un peu de sérénité !;Then why didn't you do it, Arya ? Why didn't you run away? Why didn't you just disappear ? I'd have known serenity, at last !;
Alea1C3F3;Je te rappellerai ça, la prochaine fois que tu me gifleras, parce que je te donnerai une réponse qui ne te plait pas.;I shall remind you your own words, next time my unsatisfying answer deserves another slap across the face. ;
Alea1C3F4;Appelle-moi sotte, mais j'ai toujours espoir. Espoir que l'homme que j'ai un jour connu et réussi à aimé existe encore, embourbé dans la fosse à purin qu'il est devenu. Espoir qu'il revienne un jour pour aider notre fille à devenir une femme. Même s'il est trop tard à présent…;Call me a fool, but I still have hope. Hope, for the man I once knew and loved to still be in there somewhere, bogged down in the fecal pit he became. Hope, for him to come back at last to help our daughter grow into a woman. Even if it's too late now... ;
Alea1C4I;Une part de moi est heureux que nous puissions nous retrouver et converser ici en paix. J'ai passé trop de temps à ne plus pouvoir te regarder en face ni te parler. La mort a cela de bon qu'elle apaise les colères et délie les langues. ;A part of me is happy that we can meet again here and discuss in peace. I spent too much time not being able to look at you or talk to you. Death is the good side that she appeases anger and undoes the tongue.;
Alea1C4RJ1;Ce n'est qu'aujourd'hui que je réalise l'ampleur du prix que j'allais payer pendant 15 ans. Pas un jour ne passe sans que j'aie le regret de ce qui est arrivé… Je suis désolé, même si cela ne changera rien.;It is only now that I fully realise the price I'd have to pay for 15 years. Not a day goes by without the regret of what happened... I am truly sorry, even though it's of no use now. ;
Alea1C4RE1;Et moi, que pourrais-je dire ? Tu as obligé un père à survivre à son fils… Qu'aurais-tu pu vivre pour égaler cela ?;And I, what could I even say? You forced a father to survive his own son... What could you have gone through that could match this pain?;
Alea1C4RJ2;Lorsque vous êtes parti, j'ai réalisé que j'ai perdu la dernière personne à qui je pouvais parler, qui me comprenne réellement, qui me soutienne. Personne n'était sincère et sans l'arrière-pensée de m'utiliser, d'une manière ou d'une autre. Pas même ma propre famille…;When you left my side, I truly understood I just had lost the last person I could talk to, that truly understood and supported me. No one was sincere, or clear of ulterior motives, trying to use me a way or another. Not even my own family...;
Alea1C4RJ3;Je n'étais qu'un enfant, pensant être un homme, mais j'étais juste un enfant stupide. J'aimerais parler à cet enfant et l'arrêter, mais tout ce qui en reste est celui que vous avez en face de vous. J'ai dû vivre toute ma vie avec ça.;I was just a kid, certain to be a man, but truly a stupid child. I wish I could talk to that kid and stop him, but all that's left of him is standing in front of you. I had to live with that my whole life. ;
Alea1C4F1;Telle a été ta rançon à payer pour avoir ceuilli la vie de mon fils. Tu peux t'estimer chanceux, si la situation avait été inversée, je doute que tu aurais été aussi magnanime que je l'aie été.;That was the price to pay for taking the life of my son. You can think yourself lucky, if the situation was reversed, I doubt that you would have been as magnanimous as I was.;
Alea1C4F2;Il nous aura bien changé toi et moi... Au final, Druhv était peut-être le seul chanceux dans l'histoire…;He changed us both so deeply… In the end, Dhruv is maybe the only lucky one in that affair…;
Alea1C4RJ4;Vous… me pardonnez ? Vraiment ? C'est plus que tout ce que j'aurais pu imaginer… L'acte que j'ai commis est impardonnable !;You... Forgive me? Really? It's more than I could ever have wished for... What I did is unforgivable!;
Alea1C4RE2;Regarde autour de nous. Sa mort n'est pas sa fin, il est certainement quelque part ici. Comment continuer à t'en vouloir quand je sais qu'il existe encore ? Qui sait, dans une prochaine vie, sera-t-il peut-être mon père.;Look around us. His death is certainly not his end, he surely is somewhere around here. How could I continue resenting you when I know he's still out there? Who knows, maybe in another life he'll even be my father. ;
Alea1C4RJ5;Tant de souvenirs avortés avant même d'avoir pu être vécus, un enfant arraché des bras de son père, une lignée mise en danger, des traditions bafouées, tout cela par ma main ! Comment pouvez-vous rester si calme ?!;So many memories aborted before they could be lived, a child ripped off his father's arms, a ligneage endangered, traditions flouted, all of it by my hand! How can you remain so calm?!;
Alea1C4RJ6;Je ne peux être que reconnaissant. Je me souviens encore du temps où ma simple vue vous faisait changer de rue, pour éviter de m'apercevoir plus longtemps. ;I can only be grateful. I still remember the days when my sight would have you change paths, so you wouldn't have to witness me any longer. ;
Alea1C4RJ7;Comment arrivez-vous à me pardonner, quand je n'arrive toujours pas à me pardonner moi-même ?!;How could you forgive me when even I can't forgive myself?!;
Alea1C4F3;"Cet endroit force ses passants à prendre du recul. Ma lignée est bien vigoureuse et j'ai l'espoir de créer de nouveaux souvenirs avec lui ici. Et en toute honnêteté, il était le plus ... ""simple"" de mes enfants. ";This place forces its bypassers to take a good step back. My lineage is robust despite all of it, and I still carry hope to create new memories with him in here. And between you and me, he was the... “simplest” of my children.;
Alea1C4F4;Comment l'oublier. La bile acidifiait ma gorge et mes ongles raclaient ma paume à ta simple évocation. Une part de moi est heureuse de laisser cela derrière moi, l'autre se révolte d'abandonner la colère. Ne crois pas que je fais cela pour toi, l'adoucissement de mon deuil est surtout pour moi… Et pour lui.;How could I forget. Bile acidified my throat and my nails scraped my hands when your name was mentioned. A part of me is relieved for it to be over, the other is revolted to leave anger behind. Don't be mistaken, I'm not doing this for you. I'm mostly softening my grief for myself. And for him too...;
Alea1C4F5;Je pense que c'est tout l'intérêt de ce lieu. Je pourrais perdre ma voix et ma salive, tant que le changement ne vient pas de toi-même, rien ne changera en ton âme. Avant d'espérer le pardon des autres, réalise la portée de tes actes et trouve la force de te pardonner toi-même.;I think that's the whole meaning of this place. I could lose my voice and saliva all I'd like, as long as the change doesn't come from within, your soul will remain unchanged. Before you hope for forgiveness from others, understand what you did and find strength within to forgive yourself first.;
Alea1C5I;J'ai besoin de savoir. Après tout ce temps… Pourquoi ? N'as-tu donc rien retenu de ce que je t'ai appris ? Quel acte stupide t'a donc amené à le tuer comme tu l'as fait ?;I need to know. After all this time... Why? Haven't you kept in mind anything I taught you? What senseless thought brought you to kill him like you did? ;
Alea1C5RJ1;... Il voulait que je l'entraine avec moi lors de la guerre… J'ai cru pouvoir le protéger à l'arrière, loin des lignes ennemies. Mais nous avons été pris en embuscade… Une stupide erreur de jeunesse.;... He wanted to come to war with me... I thought I could protect him, far away from the enemies' lines. But we were taken in an ambush... A stupid youthful mistake.;
Alea1C5RE1;Tu as toujours été trop fier et cette fierté te perdra. Les traditions des castes existent pour une raison. Enfreindre ces règles a eu des conséquences graves… Tu aurais dû le savoir.;You've always been too prideful and it'll be your end. Casts exist for a reason, and breaking these rules had dire consequences... You should have known better. ;
Alea1C5RJ2;Je sais, maitre, mais il voulait se battre ! Il avait cette passion, et je ne pouvais pas lui refuser mon mentorat. J'ai cru que je pouvais faire la différence pour lui !;I know, but he was so eager to fight! He had this inner fire and I just couldn't deny him my mentorship. I thought I could make a difference for him! ;
Alea1C5RJ3;Il était plus enthousiaste que tous mes soldats réunis ! Il avait cette fougue et cette lueur dans les yeux, une flamme indomptable ! Je me suis reconnu en lui, je n'ai pas pu l'arrêter… J'aurais dû lui dire que son corps était trop fragile… Je le savais… Mais je me voilais la face.;He was more fiery than all my soldiers! He had this eagerness and spark in his eyes, an untameable flame! I saw myself in him and I couldn't bring myself to stop him... I should have told him he was too frail... I knew it... But I buried my head in the sand. ;
Alea1C5F1;La passion ne justifie pas l'enfreint des traditions. Notre caste est notre identité et notre responsabilité. En brisant ces liens, tu as altéré le destin de mon fils et causé sa mort. J'espère qu'ici, au moins, tu arriveras à faire amende honorable et à t'éloigner de cette fausse route.;Passion never justifies trampling on traditions. Our rank is our identity and responsibility. By breaking these chains, you altered his destiny and pushed him to his death. I hope that, here at least, you can make honourable amend and walk away of this false path.;
Alea1C5F2;Trop fragile, trop enthousiaste, là n'est pas la question ! Nous naissons dans une caste avec un karma qui nous est propre pour une raison dans la grande balance des choses. Tu as enfreint une de nos règles les plus élémentaires et tes actions ont perturbé vos karmas. Je ne suis pas surpris que tu sois tant perdu ici.;Too frail, too fiery, that is not the point! We are birthed in a cast with a specific karma for a good reason in the grand scale of life! You violated one of the most elementary rules and your senseless actions interfered with both your karmas. I'm not surprised you are so lost here. ;
Alea1C5RJ4;Je n'ai jamais voulu autre chose que le meilleur pour lui. Maintenant, pas un jour ne passe sans que je regrette amèrement, sans qu'il ne me hante, sans que je revoie ses yeux lorsque… Je sais bien que je suis le seul responsable de sa mort.;I never wished anything other than the best for him. Now, not a day goes by without bitter regrets and his face haunting me. I can still see his eyes when he... I am well aware I'm the only culprit for his death. ;
Alea1C5RE2;Des regrets… Tu as beau regretter, ça ne l'a pas ramené. As-tu au moins eu la décence d'honorer sa mémoire, pour qu'il ne soit pas mort en vain ?;Regrets... You can regret all you'd like, it didn't bring him back. Did you at least have the decency to honour his memory, for him to not have died in vain?;
Alea1C5RJ5;J'ai appris maitre. C'est ce jour-là que j'ai que j'ai pleinement compris l'importance des castes et que ne pas suivre cet ordre des choses mène au déséquilibre et à la mort. Depuis cet incident, j'ai oeuvré pour les faire appliquer avec rigueur. ;I learned. That day, I truly understood why casts matter and how breaking rules only brings imbalance and death. Since then, I have devoted myself to have them applied rigorously. ;
Alea1C5RJ6;"Oui, j'ai compris ce jour-là. J'ai compris ma place et celle des autres. Je n'ai eu cesse de pratiquer et d'honorer ce pourquoi je suis né ; l'art de la guerre.";"Yes, that day, I understood. I understood my rank and others'. Even since, I made sure to honour and practice why I was born; the art of war.";
Alea1C5F3;C'est le meilleur que nous ne puissions faire. Apprendre de nos erreurs, trouver la paix et préserver l'essentiel… Peut-être un jour aurais-je la force de te pardonner.;That's the best we can do. Learn from our mistakes, find peace and protect what truly matters... Maybe one day I'll find enough strength in me to forgive you. ;
Alea1C5F4;Tu es un guerrier-né. Tu aurais dû laisser la réflexion à ceux dont c'est le rôle, tu aurais dû rester à ta place.;You are born to be a warrior. You should have let thinking to those whose role it is to think, and stayed in your place. ;
CombatE1B2I;Encore toi ? Si obstiné, mon dernier prêche ne t'a pas suffi. Et pourtant, tu me rappelles qui j'étais, il y a longtemps, une guerrière également. Et tout comme toi, il a fallu m'imposer le repos éternel pour me stopper.;You again ? So stubborn, wasn't my last preach enough? You remind me of who I was, long ago, a warrior too. Just like you, nothing less than eternal rest could stop me. ;
CombatE1B2RJ1;Es-tu un demi-dieu ? Un avatar ? Même dans la mort tu sembles unique, mais qui es-tu réellement ?;Are you a demi-god ? An avatar, maybe ? Even in death you appear unique, who are you truly ? ;
CombatE1B2RE1;Tous ces noms ne signifient rien. De même que toi, je fus une âme mortelle, une brebis qui a rejoint son troupeau, et qui, grâce fût louée à son berger, l'Éternel, a rejoint les rangs bénis des élus !;All these names are devoid of substance. Just like you, I used to be a mortal soul. A lost lamb protecting her herd and, blessed by her shepherd the Lord, rejoined His holy ranks. ;
CombatE1B2RJ2;Ainsi donc tes pieds foulaient la même terre que moi ? J'ai du mal à la croire, j'aurais aimé pouvoir te croiser quand nous étions encore vivants tous les deux.;So your feet once stepped on the same ground as mine did ? I can barely believe it, I wish we had met when we were both alive. ;
CombatE1B2RJ3;Tu n'as pas toujours été ainsi ? Que t'est-il arrivé dans la mort pour que tu te transformes ?;Have you not always been like this? What happened in your death for you to transform like that? ;
CombatE1B2RJ4;Tch ! Je me demande bien quel genre de dieu est le tien s'il respecte si peu ses croyants en les obligeant à encore se battre dans son paradis ! ;Tsk! I wonder what kind of god yours is, if he respects so little his believers to have them fight even in his paradise! ;
CombatE1B2F1;Nous ne sommes pas faits de la même argile toi et moi ! Même alors mortelle j'entendais Saint-Michel m'enjoindre de repousser l'envahisseur ! À présent, le bras armé du Seigneur, je repousse les hérétiques qui essaieraient de franchir cette porte, et ma mission est mon ultime priorité !;You and I were not sculpted from the same clay. Even mortal I could hear Saint Michael enjoining me to fend off the invaders. And now, as the Lord's sword arm, I repel heretics trying to cross this door. My mission is my supreme priority ! ;
CombatE1B2F2;À chaque bataille remportée en Son nom, j'étais récompensée et je sentais ma Foi déjà inouïe s'étendre encore. Mon évolution est infinie au même titre que mes batailles, tu n'en es qu'une de plus, et lorsque je la remporterai, je ne serais que plus digne de Ses louanges !;Each fight won in His name was heavily rewarded, and my already extraordinary Faith reached new peaks. My evolution is infinite, same as my battles, and you are merely one more. With every victory, I'll only be more worthy of His blessings!;
CombatE1B2F3;Impie ! Dieu promet à ses meilleurs soldats ses plus ardentes batailles ! C'est un honneur que de les affronter en Son nom !  ;Unholy speech! The Lord promises His fiercest battles to His most valiant soldiers! It is an honour to fight them in His name!;
CombatE1B2RJ5;Ainsi donc, nous sommes tous les deux des guerriers. Peut-être nous nous sommes déjà battus dans d'autres vies.;So we both are warriors. Maybe did we even cross swords in previous lives. ;
CombatE1B2RE2;Je n'ai pas choisi le destin de la lame, car c'est le Seigneur lui-même qui m'a enjointe à me battre en Son nom. ;I did not choose the Sword's way, as it is the Lord Himself who enjoined me to fight in His name.;
CombatE1B2RJ6;C'est bien là, la différence entre toi et moi et qui fera de moi le vainqueur de nos affrontements. Tu n'as pas choisi la voie de la guerre, tandis que par mon sang, je suis né pour elle.;This is the difference between you and me, the one that will have the scale tip in my favour. You did not choose the sword's way, whereas through my blood, I was born for her.;
CombatE1B2RJ7;Ton dieu semble bien démuni, s'il doit envoyer une femme pour faire la guerre à sa place. ;How destitute must your god be, if he sends a woman to fight in his name.;
CombatE1B2RJ8;Une fière guerrière ayant juré de servir une cause injuste, quel gâchis. J'ai affronté bon nombre de personnes comme toi toute ma vie, et ce n'est pas dans la mort que je n'arrêterais, j'irais au-delà de ce passage gardienne !;A proud warrior, sworn to an unjust cause, what a waste. My whole life, I fought a good share of people like you, and death shall not stop me. I will go through that passage, Guardian.;
CombatE1B2F4;Ton arrogance fait frémir mon âme ! Ton sang, que tu penses être plus puissant que l'Eternel, coulera sur ce sol sacré lorsque je te renverrai auprès des ces ancêtres que tu révères tant !;Your arrogance sends shivers through my spine! That blood you deem more powerful than the Lord will be spilled on that sacred ground when I send you back to your so revered ancestors!;
CombatE1B2F5;Dieu a un dessein pour chacun d'entre nous et c'est Son plus grand cadeau, mais tu as choisi de le bafouer ! Cette insulte ne restera pas impunie, puisse Sa lame brûler tes chairs !;God has a purpose for each one of us, but you chose to trample His greatest gift! This insult shall not remain unpunished, may His sword burn your flesh! ;
CombatE1B2F6; Tu es tel un enfant. J'essaie de te protéger de la flamme qui va te blesser, et pourtant tu y retournes sans cesse ! Lorsque tu t'y seras brulé, il sera trop tard, je ne te laisserais pas faire ! ;You're like a child. I'm trying to protect you from the flame that's going to hurt you, and yet you keep going back to it! By the time you're burnt, it'll be too late. I won't let you!;
CombatE1B2RJ9;Visiblement, même la mort ne t'a pas réellement arrêtée. Tu gardes toujours farouchement ce passage. N'es-tu jamais fatiguée ? N'as-tu pas mérité le repos face à ton dieu ?;Apparently, even death has not stopped you in your track. You still fiercely guard this passage. Don't you ever feel fatigue weighting your sword down? Haven't you deserved rest in front of your god? ;
CombatE1B2RE3;Le Seigneur a d'autres desseins pour moi que de déposer mon épée ! Je suis la gardienne de Ses terres et c'est ma voie que de la défendre sans relâche face aux impies ! ;The Lord has other divine designs for me than to lay my sword down! I am the guardian of His lands, and it is my purpose to defend it from unholy troops without yielding.;
CombatE1B2RJ10;Ton dieu est si cruel. Même morte, il ne te laisse pas lâcher ton épée, et te force à te battre sans relâche. Je connais ta fatigue, moi aussi j'ai souffert du plaisir et savouré la douleur des batailles sans fin. Je te souhaite de connaitre une prochaine vie apaisée, loin de la clameur des combats.;How cruel is your god. Even in death, he doesn't allow you to rest your sword and forces you to fight over and over again. I know your fatigue, I too suffered from the pleasure and savoured the pain of never-ending battles. I wish for your next life to be serene and spent away from the clamour of war.;
CombatE1B2RJ11;Le dieu que tu décris a l'air bien capricieux, comment peux-tu être sûre qu'il ne s'amuse pas de t'utiliser comme un jouet ? ;The lord you describe seems capricious, how can you be so certain he isn't amusingly using you like a child's toy? ;
CombatE1B2RJ12;J'ai connu quelqu'un qui lui aussi croyait en son coeur être destiné à être un guerrier. Mais, bien que son coeur soit ardent, cette voie n'était pas la sienne… Peut-être devrais-tu te questionner avant de disparaître toi aussi.;I used to know someone whose heart truly believed he was destined to be a warrior. But despite his fiery heart, that was not his way... Maybe should you rethink your ways before tragically disappearing as well.  ;
CombatE1B2F7;Comment oses-tu parler ainsi de Lui ? Les épreuves qu'il nous donne peuvent être surmontées pour peu que l'on ait la Foi. Qu'importe la douleur, qu'importe les flammes… qu'importent les larmes… Seigneur ! J'ai foi en Vous, et je surmonterais cette épreuve en Votre nom !;How dare you speak foolish of His name? The trials He gives us can all be overcome, as long as Faith leads our steps. No matter the pain, the flames... The tears... Lord! My Faith is yours, and I shall overcome this ordeal in Your name!;
CombatE1B2F8;Les voies du Seigneur sont impénétrables, mais Il est bon et juste. Ce n'est pas mon rôle que de questionner Ses ordres. Même si la fatigue et la douleur venaient à m'assaillir, elles ne sont rien face à Sa bénédiction, que je m'apprête à accueillir en suivant Son chemin ! ;The ways of the Almighty are wondrous indeed, but He is good and fair. It is not my duty to question His orders. Even if fatigue and pain were to assail my senses, they are nothing compared to His blessing. I receive it, as I follow His way! ;
CombatE1B2F9;Ce n'est pas qu'en mon coeur que je ressens Sa voie ! Il guide mes gestes, Ses mots sont les miens ainsi que Sa vision ! Seigneur, emplissez-moi de Votre puissance, et retirons une nouvelle fois cette souillure de Vos terres sacrées !;My heart isn't the only part of me who feels His way! He guides my every movement, His words are mine and so is His vision! My Lord, lend me your strength anew to cleanse Your holy lands from this rotten filth!;
CombatE1C5I;... C'est vous. Encore vous. Même ici, vous venez nous humilier et nous frapper ? Je vois dans vos yeux que vous nous voyez à peine comme des êtres humains. Vous vous imaginez être tellement mieux.;... You. Again. Even in death, you're coming back to humiliate and beat us ? I can see in your eyes how we're barely even human to you, how you think of yourself as so much better than us.;
CombatE1C5RJ1;"Je ne me rappelle pas de ""gens"" comme vous. Et comment vous aurais-je humiliés ? ";"I don't remember ""people"" like you. How would I have even humiliated you?";
CombatE1C5RE1;Vous m'avez fait frapper et battre, parce que j'ai eu le malheur de ne pas m'écarter assez vite devant vous et votre procession. ;You got me beaten to the ground because I wasn't quick enough to move away from your procession.;
CombatE1C5RJ2;Frappé ? Ah, ces choses arrivent. Rien de bien dramatique.;Beaten? Heh, these things are meant to happen, nothing to be dramatic about. ;
CombatE1C5RJ3;Eh bien oui, je t'ai fait remettre à ta place. Mais je ne te rappelle jamais ta place sans une bonne raison !;Well, yes, I had to remind you where you belong. But I never do so without a good reason. ;
CombatE1C5F1;À vos yeux je ne suis pas mieux qu'un chien au bord de la route. Vous ne voyez même plus le mal dans ce que vous faites, votre coeur est aussi froid que la lame de votre épée !;For you, I am no better than a stray dog, laying on the side of the road. You don't even see the harm you cause, your heart is cold like your sword's steel!;
CombatE1C5F2;Une bonne raison ?! Ne pas s'écarter assez vite parce qu'on souffre est une bonne raison pour se faire frapper et humilier publiquement ? Si une fois j'ose ne pas vous donner votre respect de roi, vous me retirez mon respect d'humain ! Vous êtes un monstre !;"A good reason? How is not moving fast enough because we're in pain a ""good reason"" to get beaten up? If, even once, I don't give you the respect of a king, you strip me off the respect of a human being! You're a monster! ";
CombatE1C5RJ4;Je suis simplement meilleur que vous, c'est un fait.;Well, I am better than you, it's undeniable.;
CombatE1C5RE2;Un fait ? Pfeuh ! Vous avez simplement eu de la chance, la chance d'être né au bon endroit !;Undeniable? Hah, you just were lucky enough to be born under a good star! ;
CombatE1C5RJ5;Crois-tu vraiment que ma naissance a changé qui je suis ? J'ai grandi jusqu'à mes huit ans sans savoir de quoi le monde était fait, il n'a pas forgé ma vision.;Do you really think my birthright change anything to who I am? I wasn't even aware of what I was before my 8th birthday, it didn't shape my vision. ;
CombatE1C5RJ6;C'est dans les batailles, le sang et les larmes que je me suis forgé ! J'ai tué mon premier ennemi à 15 ans et tu penses pouvoir te comparer à moi, videur de latrines ?!;It's in the blood and tears of battle that I forged myself! I killed my first enemy when I was merely 15, and you dare compare yourself to me, latrine cleaner!?;
CombatE1C5F3;Quel privilège, de ne pas savoir de quoi le monde est fait ! Seul quelqu'un d'une haute naissance peut s'en vanter ! Mais les gens comme vous s'assurent que les gens comme nous le sachent dès la naissance et ne l'oublient jamais ! ;What a privilege, to not be aware of the world surrounding you! Only a high-born could say that ! People like you love to make sure people like me are aware of it since we're born and never forget it!;
CombatE1C5F4;Dès mes neuf ans, j'ai survécu seul, mon père a été tué par un homme comme vous, je suis le seul survivant de ma famille et cette vie, je l'ai vécue dans la crasse et la honte ! C'est aussi dans le sang et les larmes que je me suis forgé mais mes batailles, c'est de gens comme vous qu'elles provenaient !;I survived alone since I was 9. My dad was killed by a man like you, I am the last member of my family and this life I've lived it in filth and shame! It's also in blood and tears I was forged, but my battles come from people like you! ;
CombatE1C6I;Ah, revoilà notre impertinent à la langue bien tendue. Te l'es-tu fait couper ou est-elle toujours à trainer par terre ? ;Ah, our long-tongued impertinent is back. Have you had it cut, or is it still scraping the ground? ;
CombatE1C6RJ1;Juste encore assez impertinent pour oser remettre en cause tes méthodes arriérées. ;Just impertinent enough to dare question your dusty methods. ;
CombatE1C6RE1;Ha ! Quelle faiblesse ! Tu n'as jamais été capable de voir que le chemin vers la grandeur demande de la sévérité. Toujours à te vautrer dans l'apitoiement de soi.;Hah! You've always been weak like that! Never able to see that the path of greatness requires severity. You've always wallowed in self-pity.;
CombatE1C6RJ2;La sévérité a le mérite d'être juste. Toi, tu te contentes d'insulter et de battre les autres. Tu n'as jamais été capable d'accepter que le monde change et que ta sacro-sainte discipline n'a jamais été utile pour qui que ce soit d'autre que ton égo. ;At least, severity is fair. You just insult and beat down others. You've never been capable of accepting change in the world. And even less capable to see that your sacrosanct discipline is useless to anything else than your ego. ;
CombatE1C6RJ3;Amusantes paroles pour le porteur de la grandeur, quand même celle-ci n'a pas fait verser une larme à sa famille quand il est mort. Visiblement, le chemin de la grandeur mène à la solitude lorsqu'il n'est pas accompagné d'amour. ;Funny words for the self-proclaimed greatness bearer, when even that couldn't shed a tear from your family when you died. Apparently, the path to greatness is only leading to solitude when it's not accompanied by love.;
CombatE1C6F1;Mes méthodes ont prouvé leur valeur et ont eu des résultats. Tu ne pourras jamais te vanter de cela, pauvre raté, c'est ta faiblesse qui obstrue ta vision. J'espère au moins que cette correction te les ouvrira, mais même ça, je sais que je ne peux pas l'attendre de toi !;My methods proved their worth and have been met with results. You'll never be able to brag in such ways, you lowly failure. Your weakness clogs your vision. I hope at least this correction will open your eyes, but even that is too much to ask from you !;
CombatE1C6F2;Je n'attends pas moins de ma famille de rester digne. La solitude ? L'amour ? Bah, de maigres prix à payer pour faire prospérer cette famille. Jusqu'à ce que tu mènes à la ruine tout ce que j'ai construit. Mais maintenant, je peux enfin corriger l'erreur que tu es !;I don't expect anything else than dignity from my family. Solitude? Love? Bah! Such small prices to pay for this family to prosper. That was until you drove everything I've built to ruin. But now I can at least correct the mistake you are! ;
CombatE1C6RJ4;Je sais ce que tu essayes de faire, vieil homme. Mais je ne rentrerais pas dans ton jeu, tu n'obtiendras pas de moi une excuse pour t'en prendre à nous.;I can see right through you, old man. I won't play in the same league as you do, you won't get an excuse to lash out on us again.;
CombatE1C6RE2;Tiens donc ? Il semblerait que mes enseignements ont enfin porté leurs fruits et que le petit enfant pleurnichard et colérique pourrait bien devenir un homme, à terme. ;Oh, how surprising? It seems my lessons have taught you well. Could it be that the whining and angry little child is becoming a man, at last? ;
CombatE1C6RJ5;Un enseignement ? Drôle de nom pour des coups et des insultes sans autre raison que de défouler tes nerfs sur ce qui a le malheur d'exister devant toi. ;Lessons? What a weird way to designate insults and blows, for no other reason than to unwind your nerves on anything daring to exist in front of your high nose. ;
CombatE1C6RJ6;Dans ce cas, sois ravi que je sois un homme pour te dire que tes agissements méprisables sont ce qu'il est arrivé de pire à notre famille. Nous avons tous remercié les dieux quand tu es finalement mort. Peut-être si elle t'avait récolté plus tôt, nous aurions eu une chance de ne pas finir malheureux.;Yet I've seen you follow my methods to tame down the first deviation of your soldiers. Criticize me all you'd like, but when in my boots, you don't know any better than to take the same steps as I did. And look at you, I see rage on your face, you only dream of doing it all again. ;
CombatE1C6F3;Pourtant, j'ai vu que tu as suivi mes méthodes pour mater le premier écart de tes soldats. Critique-moi autant que tu veux, mais une fois à ma place, tu ne sais rien faire de mieux que de m'imiter. Et regarde-toi, plein de rage, tu ne rêves que de recommencer.;Well then, I hope you're pleased for a man to tell you your despicable actions are the worse that happened to our family. We all thanked the gods when you passed away. Maybe if death harvested you earlier, we'd even have had a chance at happiness. ;
CombatE1C6F4;Tu te prétends un homme, mais tu refuses les responsabilités qui t'incombent. Encore un enfant, tu ne vois pas que j'ai fait tout cela pour que tu sois à la hauteur. Mais quel échec, il est temps de te faire redescendre à nouveau ! ;Heh, you only pretend to be a man, but can't handle your responsibilities. You're still a child, unable to see what has been done for you to reach greatness. But what a failure, it is time to tame you down again! ;
CombatE1N3I;<i>Une procession d'âmes s'étend à l'horizon. Elles se font fouetter jusqu'à en disparaitre. Un groupe vous interpelle.</i> Toi, là, puisque Dieu t'a accepté en son sein, va donc absoudre tes péchés sous le martinet. Tu profiteras de la queue pour réfléchir sur ton impureté. ;<i>A souls' procession lines up to the horizon. They get whipped until they disappear. A group turns towards you.</i> Hey, you, standing there! Since God almighty embraced you, go ahead and absolve your sins with the whip. Me sure to take the time of the line to think about your own impurity. ;
CombatE1N3RJ1;Ce n'est pas la première fois que je croise des zélés dans ton genre. Je n'arrive pas à croire combien de faibles sont tombées dans votre piège ridicule et se font flageller pour entrer dans vos bonnes grâces. ;You're not the first zealous that I come across. I can't believe how many weaklings fell into your ridiculous trap and got whipped to gain your favour.;
CombatE1N3RE1;Puisse le Seigneur ne jamais entendre tes blasphèmes ! Tu n'es encore qu'un serpent dans notre jardin, ta purification est nécessaire pour ne pas souiller la pureté de ces lieux.;May the Lord never hear your blasphemies! A snake in our Eden garden is all you are, and your purification is still necessary to ensure this ground remains unsoiled. ;
CombatE1N3RJ2;J'ai vu des vieux hommes aveuglés par leurs désillusions. Mais des fous obligeants les autres à se fouetter jusqu'à leur propre disparition, c'est une belle nouveauté ! ;I've seen so many old men, blinded by their delusions. But mad ones, forcing others to get whipped until they disappear, that's a new one! ;
CombatE1N3F1;Pauvre idiot, tu laisses passer une chance de te repentir ! Cette foi nous a offert ce lieu et même face à Sa création, tu oses encore bafouer Son ordre ? Ce n'est plus le martinet que tu mérites, tu es bien au-delà de toute salvation ! ;You fool! You'd let repentance slip between your fingers! Faith opened this place's doors to us, and even when faced with His creation, you dare question His order? The whip isn't enough, you're beyond salvation!;
CombatE1N3RJ3;Le seul serpent que je vois ici, c'est toi. Prétendre que ton dieu devrait régner sur mon âme, c'est un mensonge que je peux oublier. Mais affirmer que je ne vaux pas mieux que le premier mendiant venu, et que ma pureté dépend de tes coups de fouet, ça mérite de passer au fil de ma lame. ;The only snake I see here is you. Pretending your god should reign on my soul is a lie I can forget. But affirming I'm no better than a vulgar beggar and I should get whipped for purity, is deserving a taste of my sword. ;
CombatE1N3F2;Tu ne vaux même pas autant que celui qui a passé sa vie dans la précarité du Christ ! Quel naïf j'ai été de m'imaginer qu'un païen comme toi pourrait comprendre ! Vous souillez nos terres divines et méritez de disparaitre ! ;You aren't worth nearly as much as the one who spent his life in the Christ's precarity! How naive I have been, to imagine a pagan like you could understand. You soil our divine lands and deserve no less than to disappear! ;
CombatE1N3RJ4;Me faire fouetter comme un esclave pour me faire pardonner de fautes auprès d'un dieu auquel je ne crois pas ? Ha ! À défaut d'être lucide, tu es au moins intrépide pour oser affirmer cela !;Getting whipped like a slave to get forgiven by a god I don't believe in? HA! Far from lucid, at least you are bold to dare say such thing!;
CombatE1N3RE2;Le Seigneur nous a mis à l'épreuve en nous privant d'eau bénite en ce lieu sacré. Mais sois rassuré, chaque entaille du martinet dans ta chair t'approchera de Sa bénédiction, et tu rejoindras rapidement Ses rangs sacrés comme si tu avais été baptisé. ;The Lord put us to the test by depriving us of holy water in this sacred place. But rest assured, every slash of the whip shall bring you closer to His benediction. You shall soon join His sacred ranks as if you were baptised too.;
CombatE1N3RJ5;Si vos bataillons ne sont formés que de mendiants à la chair arrachée, ou de fanatiques comme toi, vous ne devriez pas être un obstacle à mon voyage. ;If your battalion is only formed of beggars with ripped flesh, or even fanatics like you, you should be no obstacle in my journey.;
CombatE1N3RJ6;Amusant que pour un dieu que tu vénères tant, il n'ait même pas été capable de vous fournir les moyens de vos ambitions. ;How amusing, that god you worship to the core isn't even able to give you the means to your ambitions. ;How amusing, that god you worship to the core isn't even able to give you the means to your ambitions. 
CombatE1N3F3;Que de paroles barbares, oser ainsi désacraliser les rangs du Seigneur ! Pardonnez-moi, père, celui-ci ne mérite pas votre absolution, je vais m'en charger moi-même !;What a barbaric response! You dare desecrate the Lord's ranks! Forgive me father, that one is not deserving of Your absolution, I'll handle him myself!;
CombatE1N3F4;Le Seigneur met à l'épreuve ses fidèles pour bénir les plus braves d'entre eux ! Père, je reconnais ton épreuve, et renverrai l'âme de ce païen d'où il revient en Votre nom !;The Lord puts His subjects to the test, to bless the most loyal of them! Father, I recognise your trial and in Your name, I shall send this pagan soul back to where it comes from! ;
CombatE1N4I;Toi… Je le sens, tu n'es pas comme les autres. Même dans la mort, ta force est si considérable que tu as amené cette épée. Nous partageons ça, toi et moi, la grandeur. Tu n'as pas besoin de voyager seul, rejoins-nous.;You... I can feel it, you're not like the others. Even in death, your might is such that your sword followed you. We have that in common, you and I... Greatness. You don't need to travel alone, join us.  ;
CombatE1N4RJ1;Reconnaitre la force des autres ne te rend pas puissant en échange. Si tu as du pouvoir, prouve le, mais je ne vois que toi et deux enfants. Un petit nombre pour parler de grandeur. ;Recognising others' strength doesn't make you equally mighty. If you are so powerful, prove it, but I only see you and two children. A small faction to speak of greatness. ;
CombatE1N4RE1;Notre pouvoir en ces lieux est grandissant, bien que secret, et à nos côtés, tu pourras le manier. Je sens que tu as en toi l'étoffe d'un puissant, d'un seigneur, d'un roi ! Quoi de mieux pour quelqu'un de ta prestance ?;As secret as it is, our power in these lands is growing, and shall you remain by our side, you could wield it too. I can feel you are of the same cut as powerful lords and even kings! What better for someone of your status? ;
CombatE1N4RJ2;Garde tes flatteries. Tu n'es pas une image de pouvoir à laquelle j'aspire. Tout ce que tu gouvernes, c'est une armée d'enfants manipulés à ta botte. Ce n'est pas ce que j'appelle du pouvoir. Maintenant, va garder tes chèvres et laisse les vrais Seigneurs passer. ;Keep your flattery. You aren't an image of power I aspire to resemble. An army of manipulated kids is all you govern, and it shall not be named power. Now, go ahead and keep your sheep away, true lords are walking by.;
CombatE1N4F1;Peut-être aura tu ouvert les yeux sur mon pouvoir lors de notre prochaine rencontre. Et si tu te crois si fort tout seul, grand et puissant que tu es, j'aimerais bien te voir survivre à ça ! Mes petites, en avant ! ;Maybe you'll have opened your eyes to the truth next time we meet. And if you truly believe to be big and oh so powerful alone, it'll be a treat to see you try to survive this! Girls, charge!;
CombatE1N4RJ3;Tu prétends connaitre le pouvoir, mais je ne vois que de la corruption autour de toi. Les enfants, écartez-vous. Il ne vous veut pas du bien, mais ma lame vous tranchera si vous vous interposez.;You pretend you know power, but all I can see surrounding you is corruption. Kids, out of the way. He isn't good for you, but my sword won't spare you if you get in the way. ;
CombatE1N4F2;Tu oses parler de corruption, mais regarde ton épée teintée de sang ! Mes enfants sont assez grandes pour faire leurs propres choix, et elles savent que je suis ce qu'il y a de mieux pour elles ! En avant, mes fidèles brebis ! ;Heh, you speak of corruption but look at your blood-tainted blade! My children are mature enough to make their own choices, and they know what best for them! Now, onwards, my loyal lambs! ;
CombatE1N4RJ4;Hmm. Je suppose que se faire des alliés bien placés fait partie des choix stratégiques qu'un seigneur peut avoir à prendre. Très bien, je partagerais volontiers ce pouvoir avec vous. Mais garde tes petites filles hors de mes pieds.;;
CombatE1N4F3;"Parfait mon bon ami, bienvenue parmi nous ! (Le combat se skip, le joueur gagne un buff ""Alliés"". Quand il a fini son combat avec le boss de l'étage, un combat surprise se lance, le loup le prend en embuscade. ""Merci mon bon ami, tu as rempli ton office. Maintenant, tu ne m'es plus d'aucune utilité. Je suis désolé, mais vois-tu, c'est la dure loi de ces lieux."")";Perfect my good friend, welcome among us!  ;
CombatE1N4RJ5;Hah. Je ne suis pas si facilement manipulable, tu peux garder tes flatteries. J'ai du chemin à faire, viens-en aux faits. ;Hah. Manipulation doesn't fall easily on me, you can keep your flattering. I have a long road ahead, be concise. ;
CombatE1N4RE2;Ah, je vois, une âme droite et fière. Tu es honorable, l'ami. Nous pourrions même partager ce pouvoir, moi la tête et toi le bras armé. Après tout, pourquoi retourner là-bas, si ici tu peux avoir plus de pouvoir que tu n'en as jamais eu de ton vivant ? ;Ah, a strong and prideful soul. You are honourable, my friend. We could even share this power, you and I, the thinking master and you, the sword's arm. Why go back there if you can have more power here than you never had when you were alive?;
CombatE1N4RJ6;Et être ton second ? Hah, je ne m'agenouille devant personne, surtout pas devant un gringalet comme toi et une armée de fillettes !;And merely be your runner-up? Hah, I yield to none, especially not to a weakling like you or to an army of little girls! ;
CombatE1N4RJ7;J'ai des gens à retrouver là-bas, rien que tes propositions de pacotille ne pourraient m'apporter. De plus, tu sous-estimes le pouvoir que j'ai eu et aurais une fois de retour. Maintenant, écarte-toi, tu me fais perdre mon temps.;I have people to find there, nothing your empty trinket of a proposition could ever bring me. You underestimate the power I once held and shall have back. Now, get out of my way, you're wasting my time. ;
CombatE1N4F4;Tu aurais eu l'opportunité d'avoir ta part du butin et tu n'as même pas la présence d'esprit de la saisir ! Gros bras, grosse lame, mais peu de cervelle pour compenser. Tant mieux, ça en fera plus pour moi, pauvre idiot ! ;You had the opportunity to get your share of the spoils, but you didn't have the lucidity to seize it! Big arms, big sword, but so little brains to compensate. Good, it only means more of it for me, you fool!;
CombatE1N4F5;Abandonner un pouvoir sur une terre infinie et un flot continu d'âmes à guider, tout ça pour quoi, une famille ? Une femme ? Peuh, quel manque de vision. Mais très bien, tu as fait ton choix, si tu ne seras pas un allié, tu seras un ennemi. ;Giving up on power on an infinite land and continuous flow of souls, for what? A family? A woman? Heh, what a lack of vision. But very well, shall you not be an ally, you'll be an enemy. ;
CombatE1N5I;Ssssseigneur ! SEIGNEUR ! Entendez-moi ! Regardez-moi ! Reconnaissez-moi ! ... Eh, toi ! Rejoins moi dans ma supplique et dans ma pénitence et Dieu nous sera généreux !;Lord! LORD! Hear me! Look at me! Recognise me! ... Hey, you! Rejoin me in my plea and in my penansssssse, God shall be generous to usssss! ;
CombatE1N5RJ1;Va geindre plus loin, mendiant, tu gênes ceux qui veulent passer ! Je ne prie pas aux côtés des gens comme toi. ;Go whimper somewhere else you beggar, you're a nuisance to bystanders. I don't pray alongside people like you.;
CombatE1N5RE1;Blassssphème ! Tu ne peux comprendre, encore un qui ne comprend pas, personne ne comprend, mais je possède les clous sacrés, incline toi devant le nouvel élu de Dieu !;Blassssphemy! You can't understand, another one who can't, no one understands, but I posessssss the sacred nails, and now, bow down to God's new chosen one! ;
CombatE1N5RJ2;Ha ! Un prophète, toi ? Qui vas tu prophétiser avec ces vieilles babioles qui flottent autour de toi ? ;Hah! A prophet? You? Who do you think you can prophetise, with these rusty trinkets?;
CombatE1N5F1;Ce sont les clous de la croix du Chrissssst, les reliques les plus sacrées parmi les sacrées ! Si avec eux j'abats Ses ennemis, Dieu me verra comme son nouvel élu ! ;These are the Chrissssssst's cross nails, the most sacred amongst sacred relics! If I slaughter my enemies with them, God will finally see me as His new chosen one! ;
CombatE1N5RJ3;Bah ! Je n'ose pas imaginer à quoi ressemble ton dieu s'il a besoin d'un infirme déambulant avec des clous pour parler en son nom !;Bah! I can't imagine what your god is like, if he needs a crippled waving rusted nails around to speak in his name! ;
CombatE1N5F2;Les clous du Christ sont sacrés ! Mais puissssssque tu ne comprends pas, je vais te les enfoncer dans le crâne pour que tu voies la puissance de Dieu de plus près ! ;Sssssssssacred are the Christ's nails! But since comprehension isn't blessing you, I shall bury them in your sssskull, to see God's might up close! ;
CombatE1N5RJ4;J'en ai croisé des illuminés ici et tu n'es définitivement pas le plus brillant d'entre eux. En plus, tu empestes comme le charnier de ma dernière bataille.  Que fais tu donc ?;I crossed ways with many illuminates here, and you very clearly aren't the brightest one. Besides, you reek like my last battle's mass grave. What are you even doing ?;
CombatE1N5RE2;Mes blessssssures doivent rester ouvertes pour que Dieu puisse observer ma pénitence ! Elles sont preuve de ma dévotion face à Lui ! ;My wounds have to ssssssstay fresh for God to observe my penance. They are evidence of my devotion to Him! ;
CombatE1N5RJ5;Mais quel genre de dérangé es-tu ?! Les blessures sont glorieuses si elles sont reçues pendant les batailles, pas si tu te les infliges toi-même pour donner des bouts de ton corps à ton dieu ! ;What kind of madman are you?! Injuries are glorious only if they are gained during battle, not by self-inflicting them to throw pieces of your body to your god! ;
CombatE1N5RJ6;Je Lui offre toutes les parties de mon corps, et c'est dans ma jouissance de cette ssssouffrance qu'il me reconnait. Il est infini, viens gouter à la félicité de sa pénitence avec moi ! ;I offer Him every piece of my body, and in my enjoyment of thissssss pain, He recognises me! He is infinite, come taste of this penance's felicity with me!;
CombatE1N5F3;Quelle horreur ! Ton dieu est fou s'il te demande de t'infliger cela en son nom, à quel genre de sadiques voues tu ta dévotion ?! ;What horrors! Your god must be mad to ask of you to inflict that upon yourself! What kind of sadistic figure are you worshipping?! ;
CombatE1N5F4;Il est généreux et pardonne à ses enfants qui se repentissssssent par le chatiment ! Tu as l'air perdu, je vais t'aider à te repentir et Il t'aimera comme Il m'aime !;He is generous and forgives His children who repent by punishment! You seem lost, I'll help you repent, and He shall love you like He loves me!;
CombatE1C7I;<i>Le groupe est assis autour d'un feu qui semble ne pas consommer le bois, et discute. Vous êtes encore loin lorsqu'ils vous interpellent.</i> Eh toi, oui, toi, étranger, rejoins-nous pour le souper ! Ah… Ah c'est toi. Non, toi, tu peux passer ton chemin, tu n'es pas le bienvenu ici.;<i>A group is sitting next to a campfire, seemingly not consuming the burning wood, and chatting. You are still afar when they call you out.</i> Hey, you, yes, you, stranger, join us for the supper! Ah... Ah, it's you. No, you can walk away, you're not welcome here. ;
CombatE1C7RJ1;Refuser le repas et le repos à un Seigneur ? Pour qui vous vous prenez ? Vous avez de la chance que je sois magnanime pour ne pas vous avoir déjà sanctionnés. ;You dare refuse food and shelter to a Lord? Who do you think you are? You're lucky I'm gracious enough to not punish you immediately. ;
CombatE1C7RE1;Tu n'es plus un Seigneur ici. Juste une autre âme perdue. Ici les cartes sont rabattues, les dés sont jetés. Qui sait même en quoi tu te réincarneras ? ;You aren't a lord any more here. Just another lost soul. In here, the cards are shuffled and dices are thrown again. Who knows even how you'll reincarnate?;
CombatE1C7RJ2;Quoiqu'il arrive, je retrouverai ma position. Mon âme est noble et je mérite ma place.;I'll get back to my position no matter what. My soul is noble and I deserve my rank. ;
CombatE1C7RJ3;Je sais ce que je vaux, et ce n'est pas tes murmures de rats qui me dévieront de mon chemin. Et puis regarde-toi, de grands discours sur les changements de statut, mais tu es tellement attaché à ta place que même ici, tu n'as pas su t'en défaire !;I know my worth, and your rodent murmurs won't deviate my path. And look at you, giving big speeches about status changes, but you're so chained to yours that even in here, you weren't able to go beyond it! ;
CombatE1C7F1;Hah ! L'espoir fait vivre, hein. Tu t'y feras, on a dû survivre à la seule force de l'espoir des jours meilleurs, je suis sûr qu'une siii grande et fière âme comme toi y arrivera, hein ! Crois ce que tu veux, mais on va te faire dégager d'ici, tu ne mérites pas de troubler notre paix encore une fois !;Heh, a man can surely dream. You'll get used to it, we all had to survive with the mere strength of our hope for better days. I'm sure a soul soooo proud and mighty like yours will manage, huh! Believe what you wish, but we'll kick your ass out of here, you don't deserve to trouble our peace once more! ;
CombatE1C7F2;Boucher un jour, boucher toujours. On a ça en commun, on est nés avec une lame ensanglantée dans les mains. D'ailleurs, je suis sûr que ta substance fera un excellent repas, j'ai toujours rêvé de voir quel bruit les gens comme toi font quand ils se font ouvrir comme une chèvre ! ;Butcher one day, butcher always. We both were born with a bloody blade in the hands. Now that I think of it, I'm sure your substance will be a feast, I always dreamed of hearing the noise people like you would do, when they get opened like a goat! ;
CombatE1C7RJ4;Pourquoi perdre du temps à manger, alors que vous n'en avez pas besoin ici ? Avez-vous vraiment tout ce temps à perdre ? Nous ne sommes décidément pas faits de la même étoffe. Pourquoi rester ici ? Pourquoi ne pas élever votre condition, pour peu que votre âme soit assez fière pour ça ?;Why would you lose time to eat, when you don't need it here? Do you really have time to lose? We really aren't of the same cut. Why would you stay here? Why not elevate your condition, for if your soul is proud enough to do that? ;
CombatE1C7RE2;Tu ne comprends décidément pas. Ici, nous sommes enfin tranquilles. Même les coups que nous pourrions recevoir n'ont pas le même impact qu'en vie, et les petits nobliaux comme toi sont trop pressés de retourner à leur pouvoir qu'ils ne restent pas assez longtemps pour nous importuner. ;You truly don't get it. We're finally at peace here. Even the punches we receive here don't hit the same as when we were alive. And the petty noblemen of your kind are in too much of a hurry to regain their power to pester us.;
CombatE1C7RJ5;Quel potentiel gâché ! Notre monde est régi par des règles, pour peu que vous vous y soumettiez, votre karma deviendrait meilleur, et si votre âme est noble elle pourrait sortir de la boue. Mais au lieu de ça, vous vous complaignez dans la décrépitude que vous dites haïr. ;What a wasted potential! Our world is dictated by rules, and if you abide by them, your karma will get better. And if your soul is noble enough, it would get out of the mud. But instead, you wallow in the decay you pretend to hate. ;
CombatE1C7RJ6;Tant pis pour vous. Ca n'est peut-être pas pour rien que vous n'avez pas réussi à vous élever plus loin que la misère, même vos âmes n'ont pas assez de cran. Maintenant, laissez-moi passer, avant de finir écrasé par mon passage.;What a shame. There's maybe a reason you never managed to elevate further than misery, for your souls lack grit. Now, let me go over, before you get trampled under my feet. ;
CombatE1C7F3;Ton précieux potentiel n'est rien s'il s'accompagne de malheur, et c'est tout ce que tu apportes avec toi. On a vu ici ce que tu as fait à ceux que tu prétends aimer, ton idée du potentiel est malade et gangrénée. Tout comme ton âme, c'est pour ça que tu n'es pas capable de te retenir de nous attaquer à la moindre contradiction !;Your oh so precious potential means nothing if it comes with misery, and that all you bring. We all saw here what you did to those you pretend loving, your concept of potential is sick and twisted. Just as your soul is, which is why you can't prevent yourself but to attack us at every contradiction. ;
CombatE1C7F4;Parce que tu penses qu'on va gentiment te laisser passer ? Maintenant que tu es seul et pas entouré par tes gardes, il est temps que tu voies ce que ça fait de se faire piétiner ! Peut-être même qu'une fois mort, ta viande aura bon goût et tu seras utile pour la première fois ! ;Because you truly think we'll simply let you go? Now that you're alone, away from your guards, and it's time for you to get trampled for once! Maybe once you're dead, your flesh will be tasty enough for you to be useful for the first time. ;
CombatE1C7RJ7; Je comprends votre déférence. Mais je n'ai pas de temps à perdre à me battre avec vous. Prenez ceci, vous en avez plus besoin que moi. ;I understand your wariness. But I don't have time to waste by fighting you. Take this, you need it more than me. ;
CombatE1C7RE3;On ne veut pas de ta charité. Tu penses vraiment qu'après nous avoir exploités, humiliés, battus, pendant plusieurs vies entières, tu peux simplement te racheter en nous jetant de la nourriture à la gueule ? Tsk. Sois maudit. ;To hell with your charity. Do you truly believe that after exploiting, humiliating and beating us for several whole lives, you can simply redeem yourself by throwing food in our face? Tsk. Go to hell. ;
CombatE1C7RJ8;Je ne prétends pas me racheter. Je ne pense pas non plus que j'ai été si mauvais pendant nos précédentes rencontres. J'ai fait ce qui était attendu de moi, comme vous avez fait ce qui était attendu de vous. Chacun à sa place, le monde tourne ainsi. Mais gardez-le quand même, je n'en ai pas besoin. ;I don't pretend to redeem myself. I also don't think I did you that dirty in our previous encounters. I simply did what was expected of me, and so did you. To each their place, so goes the world. But still, keep it, I don't need it. ;
CombatE1C7RJ9;J'ai été généreux et ai montré patte blanche et malgré ça vous me crachez au visage ? Peut-être que vous méritiez ce qui vous est arrivé, ingrats pourceaux. ;I was generous and showed clean hands, and in spite of that, you still spit in my face? Maybe you do deserve what happened to you, you ungrateful swine! ;
CombatE1C7F5;Hmpf. Bon. C'est un premier pas, je suppose. Tiens, prends ça en échange. On ne veut pas t'être redevable. Maintenant, disparais. ;Hmpf. Well, that's a first step, I suppose... Here, take this. We don't want to be indebted to you. Now, be gone. ;
CombatE1C7F6;Tu ne comprendras donc jamais... Tant pis, j'espère que tu te réincarneras en fourmi et que tu comprendras ce que ça fait de se faire écraser. En attendant, nous on reste ici et on va pas te laisser briser notre paix! ;So you'll never understand... I hope you'll reincarnate as an ant and get stepped on. Maybe then you'll understand. In the meantime, we're staying here, and we ain't gonna let you break our peace once more!;
CombatE1C8I;<i>Un groupe s'est rassemblé autour d'un malade. Ils s'alternent pour l'aider.</i>;<i>A group is gathered around a sick person. They take turns to help him.</i>;
CombatE1C8RJ1;Pourquoi vous occupez-vous tous de lui ? Vous feriez mieux d'abréger ses souffrances, il est de toute évidence trop faible pour survivre. Je peux régler ça, s'il le faut.;Why are you all taking care of him. You should end his suffering, he is very obviously too frail to survive. I can help, if needed. ;
CombatE1C8RE1;Qui vous a demandé votre avis ? Vous êtes cruel. Cruel et inconscient. C'est dans la communauté qu'on survit.  ;Who asked for your opinion? You are cruel. Cruel and oblivious. Community is what keeps us alive. ;
CombatE1C8RJ2;La communauté ralentit, surtout quand il s'agit de s'occuper des plus faibles. J'essaie juste de vous aider, trainer un boulet derrière vous, vous met tous en danger. Si ce n'est que ça, je vais finir le travail moi-même. Toi, tu devrais te sentir honoré que je te touche même avec ma lame.;Community slows us down, especially when it comes down to taking care of weaklings. I'm just trying to help, dragging a dead weight is only putting you all in danger. If it's just what it takes, I'll finish the job myself. You, you should feel honoured I even lay my sword on you.;
CombatE1C8RJ3;Quelle naïve vision ! Une chaine n'est aussi forte que son maillon le plus faible. Se débarrasser de lui, c'est vous rendre tous plus forts. S'il est vulnérable, vous l'êtes tous.;What a naive vision! A chain is as strong as its weaker link. Getting rid of him, is making you all stronger. You are all as vulnerable as he is. ;
CombatE1C8F1; Vous ne voyez même pas que c'est à cause de types comme vous qu'on s'insurge ! Vous ne savez rien de la vraie vie en dehors de votre foutu palais !  (Il s'interpose entre vous et le malade) ;You don't even understand revolution growls because of people like you! You don't know anything beyond your palace's walls! (He jumps between you and the sick man.);
CombatE1C8F2; Un maillon faible ? Parce que tu n'as visiblement jamais été malade ou blessé ?! Et même malade, je trime pour nourrir ma famille, quitte à en crever ! Tu parles beaucoup, mais c'est toi qui n'as rien dans le ventre ! ;A weak link? Have you never been sick or wounded!? And even sick, I slave away to keep my family fed, even if that means dying from it! You speak a lot, but it's you we should get rid of! ;
CombatE1C8RJ4;J'espère qu'il a les moyens de s'offrir votre aide. Mais à en juger par son apparence miteuse, j'en doute fort. Vous n'avez aucune raison de l'aider. ;I sure hope he has the means to afford your help. But judging by his miserable attire, I highly doubt it. You don't have a reason to help him. ;
CombatE1C8RE2; Nous vivons dans l'entraide et le partage mutuel. Lorsque l'on manque de moyens, c'est notre seule chance de survie. S'il n'y a pas de confiance, c'est notre vie à tous qui s'effondre. Mais vous ne pourriez pas comprendre, vous qui vous roulez dans l'or. ;We live by mutual aid and sharing. When we lack means, it truly is our only chance at survival. When there is no trust, it's our whole lives that crumble down. But you couldn't understand, you who only sleeps on gold-filled mats. ;
CombatE1C8RJ5;On ne peut pas se permettre de faire confiance, on finit toujours par nous trahir et nous frapper dans le dos. Moi, au moins, j'ai assez de bonté pour frapper en face. Écartez-vous, je vais vous montrer.;Trust is too expensive, when it means getting betrayed and backstabbed. You should be grateful I am graceful enough to strike you face to face. Step aside, I'll show you. ;
CombatE1C8RJ6;Votre confiance est naïve, quand on sait que même les bourses les plus fournies se font trahir. Vous qui ne jurez que par la survie immédiate devraient savoir qu'un couteau dans le dos est si vite arrivé, surtout par des miséreux de votre espèce. ;How naive is your trust, when even the most filled purses get betrayed. If you only believe in immediate survival, you should know a knife in the back happens quicker than expected, especially by miserable of your kind.;
CombatE1C8F3;Hah ! Et on voit là où ça t'a amené d'être si différent de nous ! Maintenant dans la mort, tu côtoies ceux que tu méprises ! Ton arrogance, tu peux te l'avaler, on va voir si tu babilles pareil avec la langue coupée !;Ha! What a glorious place it led you in, to be so different from us! Now in death, you walk among those you despise! You can choke on your arrogance, we'll see if you blabber the same with your tongue sliced in half!;
CombatE1C8F4;C'est aussi cette confiance qui nous fait survivre. Peut-être même que ce sont les pièces dans votre bourse qui entraine vos proches à vous trahir ! Ou peut-être juste votre brutalité qui amène les gens à vouloir se débarrasser de vous !;Trust made us survive. Maybe the coins in your purse drove your close ones to betray you! Or maybe your brutality fed people's drive to get rid of you!;
CombatE1N6I;Admirez ! Notre nouvelle chorale pour chanter les louanges du Seigneur ! Étranger, profitez de notre chant !;Behold! Our new choir to sing praises to the Lord! Stranger, gather with us and enjoy our songs! ;
CombatE1N6RJ1;Je suppose que je peux passer quelques minutes à vous écouter. Tous ces combats m'ont éreinté, une petite pause n'est pas de trop. Montrez-moi votre musique, vous avez ma curiosité.;I suppose I can spend a few minutes listening. All this fighting took a toll on me, a small break is appreciated. I listen, you have my curiosity. ;
CombatE1N6RE1;(La chorale se met à chanter, mais leurs chants sonnent si faux que les écouter devient physiquement douloureux.);(The choir starts singing, but their music is so full of false notes that listening to them becomes physically painful.) ;
CombatE1N6RJ2;Grmph ! Des chants d'enfants me blessent ? Impossible ! Je ne peux pas leur laisser voir que je suis blessé, je ne vais pas montrer cette faiblesse ainsi. ;Ugh! Children songs hurting me? Impossible! I can't let them see I'm wounded, such weakness can't be shown! ;
CombatE1N6F1;(La douleur s'intensifie crescendo, semblant s'insinuer au plus profond de la boite cranienne, devenant de plus en plus agaçante et intense. Vous vous retenez encore, jusqu'à ce que la rage soit insurmontable et que votre épée semble attaquer d'elle-même.);(The pain grows, raises crescendo, creeping deep in your skull, ever more intense and irritating. You contain yourself, until rage becomes uncontrollable and your sword seems to attack by its own will);
CombatE1N6RJ3;Une attaque ! Une embuscade ? Vous utilisez des enfants pour amadouer des inconnus puis les blesser sans qu'ils s'y attendent ! Quelles méthodes de lâches, je te montrerais comment se bat un vrai homme ! ;An attack! An ambush? You lure strangers with children, then hurt them by surprise! Cowards ! I'll show you how a real man fights!;
CombatE1N6F2;Si les louanges du Seigneur te blessent, c'est que tu n'es qu'un démon de plus ! Puissent nos chants te réduire en poussière ! ;If the Lord's blessings are hurting you, you're nothing more than another demon! May our songs burn you to ashes! ;
CombatE1N6RJ4;Ces enfants n'ont-ils pas mieux à faire ? Et comme c'est cruel de coincer leurs âmes ici. Ma tendresse n'est pas ma plus grande qualité, mais même moi, je n'empêche pas les autres d'atteindre leur potentiel.;Don't these children have better to do? How cruel to trap their souls here. Tenderness might not be my greatest trait, but even I don't refrain others from reaching their full potential. ;
CombatE1N6RE2;Le Seigneur a une mission pour chacun d'entre nous. Ces enfants, tout comme moi ou toi, doivent la remplir. Le Seigneur est le seul maître du potentiel de nos vies. ;The Lord has a mission for each and every one of us. These children have to fulfil it, just like you and I. The Lord is the only master of our lives' potential.;
CombatE1N6RJ5;Une mission divine ? Chanter ? Si tu souhaites faire perdre leur temps à toutes vos âmes, c'est ton problème, mais ne me fais pas perdre mon temps avec des comptines pour enfants. ;Singing ? A divine mission? You are free to waste all your souls' time, but don't make me lose mine with nursery rhymes. ;
CombatE1N6RJ6;Pourtant, je suis sûre que vu leur obéissance et leur zèle, ils feraient de bons soldats. Ils doivent juste apprendre que leur maître n'est pas un dieu de pacotille, mais un général.;And yet, seeing their obedience, I am sure they would make for zealous soldiers. They just have to be taught their master isn't a junky god but a general.;
CombatE1N6F3;Encore un qui clame qu'il y a quelque chose après le Paradis ! Eh bien, si tu souhaites partir d'ici, nous allons accélérer ton arrivée aux Enfers. Les enfants, avec moi, 3, 4 !;Another one claiming there is something beyond Heaven! Well, if you so wish to accelerate your departure to Hell, we'll gladly assist you. Children, follow me! 5,6,7,8! ;
CombatE1N6F4;Les enfants de Dieu ne répondent qu'à Ses batailles, contre les hérétiques de ton genre ! Puissent leurs chants te renvoyer d'où tu viens, démon ! ;God's children only respond to His battles, especially to strike down heretics like you! May their chants send you back where you belong, demon! ;
CombatE1B3I;Lorsque je me suis éveillée, après que tu m'aies vaincue, j'ai pleuré... Je n'ai pas pu empêcher une âme innocente de courir vers sa propre damnation... J'ai échoué. ;When I woke up, after you bested me, I cried... I couldn't prevent an innocent soul from running to its own damnation... I failed.;
CombatE1B3RJ1;Qu'est-ce qui t'effraie donc tant, gardienne, pour que tu verses des larmes pour l'adversaire qui t'a vaincu ? ;What frightens you, Guardian, for you to shed tears for the one who vanquished you?;
CombatE1B3RE1;Les puissances infernales qui rôdent au sous-sol, se renforçant jour après jour à cause de vous. Tu les as vues à l'oeuvre, tu sais de quoi elles sont capables… Ce sont d'eux dont je dois protéger ce lieu, en vous empêchant de descendre.;Infernal powers roam underground, strengthening every day because of you. You've seen them, you know what they're capable of... They are what I protect this place from, by preventing your descent.;
CombatE1B3RJ2;Tu me sous-estimes, gardienne ! J'ai terrassé des ennemis plus puissants que toi et je suis allé bien plus loin que tu n'oses l'imaginer ! Je ne suis pas une de tes vulgaires brebis !;You underestimate me, Guardian! I vanquished mightier foes than you, and I went far beyond what you dare imagine! I'm not one of your stupid lambs! ;
CombatE1B3RJ3;Et qui es-tu pour essayer de m'imposer tes choix ? Je suis le seul porteur des conséquences de mes actes. ;And who do you think you are, trying to impose your choices on me? I am the only bearer of the consequences of my choices. ;
CombatE1B3RJ4;Et pourtant, gardienne, tes bonnes intentions nous empêchent d'accéder à nos vies suivantes. En nous retenant ici, tu nous fais plus de mal que de bien.;And yet, Guardian, your pure intentions prevent us from reaching our next lives. By restraining us here, you do us more harm than good. ;
CombatE1B3F1;Et pourtant, te voilà à nouveau face à moi. Et, haut de ton arrogance, peux-tu me jurer n'avoir jamais trébuché sur ton chemin ? Brebis ou loup, je ne laisserais personne nourrir leur feu ! En vous empêchant de leur succomber, c'est un semblant de paix que j'apporte à cet endroit ! ;And yet, there you are, in front me of. Standing high on your arrogance, would you swear you never tripped during your journey? Lamb or wolf, I won't let anyone feed their hellish fire! By stepping in your way, I bring peace to this place! ;
CombatE1B3F2;Voilà où tu fais erreur. Tes actions les renforceront, les fragments d'âme que tu leur cèderas les rendront inarrêtables. Et lorsqu'ils amèneront leur enfer ici, et que des âmes innocentes brûleront entre leurs griffes, seras-tu présent pour les défendre comme moi je le suis ? J'en doute. Tu seras ailleurs, insensible au chaos que tu auras amené.;Foolish mistake. Your actions strengthen them, they'll use your soul's fragments to become unstoppable. And when they bring their hellish crusade in our heaven, and innocent souls perish under their claws, will you defend them like I do? I doubt it. You'll be elsewhere, indifferent to the chaos you'll have brought on these lands.;
CombatE1B3F3;Nous pensons tous les deux agir pour ce qui est juste, malgré ce lieu qui altère nos mémoires. Elles s'étiolent, revenant et disparaissant, nous ne sommes plus que des fragments de fragments de qui nous étions. Mais malgré tout, j'espère me souvenir de toi si tu me bats. ;We both are convinced to act for justice, despite this memory-altering place. Our memories wither, coming and disappearing again, and we barely are fragments of fragments of whom we once were. But despise everything, I hope I'll remember you if you vanquish me once more.;
CombatE1B3RJ5;Étrange femme que tu es, pourquoi pleures-tu ton ennemi ? Lorsque je triomphe, c'est le bonheur qui m'habite et aucune larme n'est versée en son nom.;A strange woman you are. Why shed tears for your enemy? When I triumph, happiness inhabits me and no tears are wept in their name.;
CombatE1B3RE2;Tu te bats pour toi-même, là où je manie mon épée pour empêcher leurs flammes d'atteindre ce lieu, pour en être le bouclier de la paix.;You fight for yourself, whereas I wield my sword to prevent their flames from reaching this place, to be its shield of peace. ;
CombatE1B3RJ6;La paix ?! Ici ?! Depuis combien de temps as-tu fermé les yeux sur la réalité de ton paradis ? Des bûchers comme une forêt, de la souffrance criée au ciel et des larmes à peine masquées, c'est ce que tu appelles la paix ? ;Peace? Here?! For how long have you kept your eyes closed from the truth of this place? Pyres like forests, suffering screamed to the sky and barely concealed tears, is that what you dare call peace? ;
CombatE1B3RJ7;Ton énergie serait mieux utilisée à aider les tiens en ces lieux. Si tu tiens tant que ça à eux, m'est avis qu'ils en auraient plus besoin que moi. ;Your energy would be of better use helping your own kind in here. If you care so much for them, I think they'll need it more than me. ;
CombatE1B3RJ8;Et pourquoi ne pas penser à toi, gardienne ? L'éternité à veiller ainsi dans la solitude est bien longue.;And why don't you think about yourself, Guardian? Eternity can be lengthy, when spent on a solitary lookout.;
CombatE1B3F4;Je ne peux que protéger ces lieux des démons. Crois-moi, cette paix est plus qu'enviable au sort de ceux qui rôdent en dessous. Mais je ne peux pas vous protéger de vous-même. Tant que les Homme ne se libérerons pas de leurs vices, il n'y aura nul endroit parfait pour leurs âmes. ;I can only protect this place from the demons. Believe me, this peace is enviable to the destiny of those roaming underground. But I can't protect you from yourself. As long as humankind doesn't free itself from its vices, no place will be a perfect for their souls.;
CombatE1B3F5;Mon choix est fait. Bien que mon troupeau à garder, il est faillible, et je suis son dernier rempart contre les démons du sous-sol. Je ne les laisserai plus envahir nos terres sacrées, tout comme je ne te laisserai pas les renforcer. C'est à cette tâche que je dévoue mon énergie toute entière et mon épée.;My choice is done. Even if my herd is to be protected, it is fallible, and I am the last shield against the underground demons. I won't allow them to invade our sacred lands once more, just as I won't allow you to reinforce them. And to this task, I devote my sword and my entire energy.;
CombatE1B3F6;Ce serait contre ma nature. Je suis une guide, une gardienne, dans la vie comme dans la mort. C'est pourquoi je suis née, et c'est pourquoi je leur pardonne, car ils ne savent pas ce qu'ils font. ;That would be against my nature. For you see, I am a guide, a guardian, in life and death alike. This is why I was conceived, and this is why I forgive them, for they are unaware of what they're doing.;
CombatE1B3RJ9;L'échec fait partie des fardeaux de tout guerrier. Pour finir vainqueur, il faut d'abord avoir fini jeter dans la boue et développer assez de hargne pour mettre à terre son prochain adversaire. Tu es encore trop douce, gardienne. Mais relève-toi, nous avons encore un combat à mener.;Failure is part of every warrior's burden. Every victor has been thrown in the mud and developed enough grit to finally force his next opponent to the ground. You're still too soft, guardian. But stand up, we have another battle to fight.;
CombatE1B3RE3;Ce lieu n'est pas un camp d'entrainement. Ce que tu qualifies de douceur, je l'appelle humanité, une des dernières choses à me rapprocher encore de mon prochain. Tu sembles oublier que nous sommes sur des terres sacrées. ;This place is no training camp. What you call softness, I call humanity, one of the last things that bring me close to my fellows. You seem to be forgetting we stand on sacred lands.;
CombatE1B3RJ10;Elles ne sont sacrées que pour ceux qui croient en ton dieu. Pour moi, ce n'est pas le lieu mais le cycle qui est crucial, la danse éternelle des âmes en quête d'évolution. ;They are only sacred for those who worship your god. To me, it is not the place but the cycle whose importance is crucial, the eternal dance of souls, yearning for evolution. ;
CombatE1B3RJ11;Malgré tout, tu aurais fait un bon soldat. Et je sais ce que tu diras, que tu ne te bats que pour ton dieu et que ton épée est sienne. Mais ta dévotion est admirable, et si un jour nos âmes se recroisent, je me ferais un honneur de te compter dans mes rangs. ;Despite everything, you'd have been a good soldier. And I know what you'll say, you only fight for your god and your sword is his. But your devotion is truly admirable and if one day, our souls meet again, I'd be honoured to count you in my ranks.;
CombatE1B3RJ12;La douceur est un boulet au pied de celui qui la traîne. Rien de bon ne peut en venir, spécialement pas pour un guerrier ou un soldat, qu'importe son allégeance. Mais tu fais au moins un bon défouloir, ta poigne est moins faible que ton coeur. ;Softness is only an encumbrance. Nothing good can come from it, especially not for a warrior or a soldier, no matter whose allegiance he swears an oath to. But at least, you'll be a good warm-up, your grip is firmer than your heart. ;
CombatE1B3F7;Il devient lassant de hurler au blasphème contre des oreilles sourdes. Ton discours est teinté par le malin, et tes yeux aveuglés par ses fausses promesses. Ne les ouvre pas, je m'assurerai que ta fin soit rapide.;It is becoming tiring to yell blasphemy towards deaf ears. Evil taints your discourse and your eyes are blinded by his false promises. Don't open them though, I'll make sure I'll bring you to your end swiftly.;
CombatE1B3F8;Je sens que tes mots sont un compliment, même s'ils sonnent faux à mes oreilles. Je ne pense pas que nous puissions jamais nous comprendre, mais je suis honorée de ton respect à mon égard. Maintenant, en garde, fais honneur au mien. ;I can sense your words form a compliment, even though they do not sound like one. I don't think we'll ever be able to understand each other, but your deference honours me. Now, en garde, be worthy of mine.;
CombatE1B3F9;La brutalité t'obsède. Le Seigneur t'éclaire de sa lumière, mais au lieu d'en accepter la caresse, tu te couvres d'ombre et de fange. Très bien, puisque l'obscurité t'est confortable, je tâcherai de t'y renvoyer.;Brutality is obsessing you. The Lord is shining His light on you, but instead of accepting His caress, you hide in shadows and mire. Very well, if darkness is comfortable to you, I'll send you back to it. ;
CombatE1N7I;Halte là, jeune âme ! Tu sembles bien pressé. Viens, j'ai une chope et une bierre brassée pour toi. Nous avons l'éternité devant nous désormais, apprends à prendre ton temps. ;Halt, young soul! You seem in a hurry. Come, I have a pint of draft beer for you. We have the whole eternity in front of us now, you have to learn to take your time. ;
CombatE1N7RJ1;Je te remercie pour ta bienveillante offre, étranger, mais je crains de ne pas pouvoir rester avec toi. Ma famille et mon destin m'attendent hors de ces lieux, il me tarde de les retrouver.;I thank you for your kind offer, stranger, but I'm afraid I can't stay for long. My family and destiny await for me outside of these cloudy rooms, and I can't wait to reunite with them. ;
CombatE1N7RE1;Hors de ces lieux... Tu veux dire, hors d'ici ? Oh mon bon ami, si tu n'as pas encore trouvé ta famille, c'est qu'elle a été envoyée en enfer... Tu as toute ma sympathie, je suis vraiment désolé pour toi...;Outside of this place... Do you mean outside, outside ? Oh my good friend, if you haven't found your family yet, they must've been sent to hell... You have my sympathy, I am truly sorry for you...;
CombatE1N7RJ2;Bien sûr. On m'a fait comprendre que je dois aller de l'avant, et je ne compte pas passer l'éternité ici. Je ne voudrais pas perdre mon temps ni m'encrouter. ;Of course. It's been made abundantly clear I have to move forward, and I don't intend on spending the whole of eternity here. I don't want to lose my time nor get rusty.;
CombatE1N7F1;(Soupir) Je suis désolé, jeune âme, mais tu me demandes là la seule chose que je ne peux promettre. Qui ici pourrait prétendre être une bonne personne en laissant quelqu'un d'autre se damner ? Je dois t'en empêcher, pour ton propre bien. ;(Sigh) I am sorry, young soul, but you're asking of me the only thing I could not promise. Who can pretend to be a good person by letting someone else damn themselves? I have to prevent you from doing that, for your own good. ;
CombatE1N7RJ3;L'enfer ?! Là où vous envoyez les âmes que vous ne jugez pas dignes ?! Tu oses prétendre que ma fille ne mérite pas d'être aux côtés de son père !? Par mon sang, je vais te faire ravaler tes dents pour avoir dit ça ! Comment avez vous osé, ce n'est qu'une enfant ! ;Hell ?! Where you send the souls you don't deem worthy ?! You dare insinuate my daughter did not deserve to be at her father's side ?! By my name, I will have you choke on your words! How could you do this to her, she's only a child! ;
CombatE1N7F2;Je comprends ta douleur mon ami mais ressaisis toi ! Je ne veux pas avoir à le faire mais je n'hésiterais pas à me défendre ! ;I understand your pain, my friend, but please pull yourself together ! I don't want to, but I won't hesitate to defend myself if need be! ;
CombatE1N7RJ4;Navré, tu as l'air sympathique mais je dois refuser. Avec tout ce qu'ont déjà tenté tes semblables, je ne me sens pas en sécurité ici. Je la connais, la technique du verre empoisonné... ;I am sorry, you seem friendly, but I have to decline. With what your peers have put me through, I don't feel safe here. Besides, I know the spiked drink technique a little too well...;
CombatE1N7RE2;Ah, je vois que tu as croisé les plus... Zêlés de mes frères et soeurs. Ils ne sont pas très tolérants envers les étrangers, malgré les enseignements du Christ. Je m'excuse en leur nom. ;Ah, I see you've already met my most... Zealous brothers and sisters. They're not very welcoming towards strangers, despite the Christ's teachings. I apologize in their name. ;
CombatE1N7RJ5;Pas très tolérants ?! Ils sont tous fous à lier, oui ! Si tu soutiens ces dérangés, tu ne vaux pas mieux qu'eux, et tu périras sur le fil de ma lame ! ;Not very welcoming?! They're all mad, is what they are! If they have your support, it means you're no better than them and you shall die from my blade! ;
CombatE1N7RJ6;"Et tu veux m'amadouer en me faisant croire que tu es différent d'eux ? Tu traines au milieu de ceux que j'ai vu brûler ceux qu'ils appellent ""étrangers"" ! Me crois-tu stupide, penses-tu vraiment que je ne verrais pas ta lame se planter dans mon dos ? Je ne tomberais pas dans ton piège, en garde ! ";"And you think you're coaxing me by pretending you're any different? You hang around with those I've seen burn alive the ""strangers""! Do you think I'm gullible to the point I won't see your knife pierce between my shoulder blades? I won't fall for your trap, en garde! ";
CombatE1N7F3;Nous avons dû mener une guerre ici... Et même quand nous l'avons gagnée, les stigmates n'en sont jamais partis... Et voilà le résultat. Sur les terres du Seigneur, un cycle sans fin de haine et de violence. Eh bien, s'il faut le perpétuer, viens dans ce cas, je t'attends.;We had to wage a war in these lands... And even though we won, the scars never faded... And the result shows. On the Lord's lands, a neverending cycle of hatred and violence. Well, if we have to perpetuate it, come at me, I'm waiting.;
CombatE1N7F4;Un jour... Un jour la paix sera possible ici... Il le faut. Seigneur, donnez-moi la force d'y croire encore...;One day... One day peace will reign in these lands... It has to. Lord, give me the strength to believe once more...;
CombatE1N8I;(Soupir) Encore un ? Très bien, mets toi en rang avec les autres, je m'occuperais de toi aussi. Tu vas visiblement avoir beaucoup à apprendre, mais je pense qu'en 5 ou 6 ans nous aurons fait le tour. ;(Sigh) Another one? Very well, get in line with the others, I'll take care of you too. You'll have a lot to learn, but I think we'll get there in about 5 or 6 years. ;
CombatE1N8RJ1;Apprendre ? Apprendre quoi au juste ? Je sais déjà tout ce dont j'ai besoin, notamment que je veux sortir d'ici. Qu'aurais-tu à m'apprendre de plus ?;Learn? Learn what, exactly? I know everything I need, and especially that I want to get out of here. What more could you bring to me?;
CombatE1N8RE1;Oh, eh bien il faut reprendre ton éducation depuis le début ! Les us et les coutumes de ce lieu, la manière de te comporter, celle de vénérer notre Seigneur, les règles de ce Paradis et ce qui t'attend si tu désobéis. Oh, et puis l'apprentissage et l'étude des textes sacrés, et les rites, et puis les...;Oh, well, we'll have to restart your entire education! The habits and customs of these lands, how you'll act and worship our Lord, the rules of this Paradise and what awaits you if you fail at following them. Oh, and the teaching and study of the sacred scriptures, and the rites and...;
CombatE1N8RJ2;Il suffit! Je ne suis pas un orphelin à dresser comme un chien trouvé au bord de la route. Je suis fier de qui je suis et n'ai certainement pas de temps à perdre avec tes caprices de fanatique. Hors de mon chemin ! ;Stop it! I am no orphan that you could tame like a dog you picked off the streets. I am proud of who I am, and I certainly don't have time to lose to your fanatic tantrums. Get out of my way! ;
CombatE1N8F1;Oh, un récalcitrant ! Vois-tu, petit impertinent, je suis habituée aux difficiles dans ton genre et m'y connais en correction ! Tu verras, tu rentreras dans le droit chemin toi aussi à un moment ou à un autre !;Oh, a rebellious one! You see, little impertinent, I am used to lost causes like you, and I know my way around corrections! You'll get in line any day, one way or another! ;
CombatE1N8RJ3;Garde ton éducation religieuse pour ceux dont c'est la vocation. Je suis sûr que ces enfants sont ravis de rentrer dans ton moule et de croire en ton dieu, mais je me moque de ton apprentissage. Je veux juste quitter cet endroit.;Keep your religious schooling for more devoted souls. I'm sure these kids will be delighted to grow in your mold, and to believe in your god, but I couldn't care less about them. I just want to leave this place. ;
CombatE1N8F2;C'est ainsi que tu traites une occasion de te racheter des péchés que tu as commis sur Terre ?! Très bien, Dieu m'en est témoin, je ne peux pas sauver quelqu'un qui refuse de se sauver lui-même, et si tu ne souhaites pas t'aider toi-même, j'aiderais le Ciel à se débarasser de toi ! ;This is how you treat a redemption from your earthly sins?! Very well, I can't save someone who's not willing to save themselves, and God be my witness, if you can't help yourself, I'll help the Skies to get rid of you! ;
CombatE1N8RJ4;J'ai autre chose à faire que de devenir ton disciple, vieille femme. Mon âme n'est pas perdue et je n'ai pas besoin d'être faussement rassuré par tes déblatérations. Laisse moi passer, j'ai mieux à faire. ;I have better to do than to be your disciple, old woman. My soul isn't lost and I don't need the fake reassurance your ranting could bring. Leave me be, I have better places to be. ;
CombatE1N8RE2;Vieille femme ?! Mais comment oses-tu adresser à moi ainsi ! Le Seigneur t'a gracieusement ouvert les portes de son Paradis, mais cela ne veut pas dire que tout t'y es permis ! Il y a des règles à suivre si tu veux rester, mon fils ! ;Old woman! How dare you adress me in those terms! The Lord opened his Paradise's doors for you, but it doesn't mean you get to do what you want! You have to abide by the rules if you are to stay here, son! ;
CombatE1N8RJ5;Heh, quel heureux hasard, puisque je ne compte pas rester ici. Voyez-vous, je ne suis pas un grand amateur de bougies et vos accoutrements noirs me siéraient bien mal. ;Heh, what a happy coincidence it is that I don't plan on staying here. You see, I'm not a big fan of candles, and your black accoutrements really would not suit me. ;
CombatE1N8RJ6;Des règles dans la mort ? Eh bien, s'il y a une chose que j'ai appris c'est justement qu'elle délivre de tout, y compris des règles. Et tant mieux, d'ailleurs. ;Rules in death? If there's something I learned about death, it's that she frees you from everything, especially rules. Thank the gods for that...;
CombatE1N8F3;Des... bougies ? Ce sont nos Saints qui se sont sacrifiés pour nous fournir une lumière éternelle ! Je ne te laisserais pas les désacraliser ainsi ! Si le Seigneur a été assez généreux pour t'offrir une nouvelle chance, je n'ai pas Sa grâce et te remettrais dans le droit chemin ! ;Candles? These are our Saints, who sacrificed themselves to bring us eternal light! I won't let your foul mouth desacralise their names! Even if the Lord was merciful enough to give you another chance, I don't have His grace and I shall you beat you back in line!;
CombatE1N8F4;Attends un peu et tu verras que beaucoup de choses te suivent dans la mort. Beaucoup plus qu'il n'y parait... Tu ne le sais juste pas encore. Mais après une petite correction, tu seras beaucoup plus disposé à m'écouter. ;Just so you wait, you'll learn soon enough a lot of things follow you in death. A lot more than meets the eye, actually... You just aren't aware of them yet. But I'm sure you'll be more disposed to listen after a little correction! ;
CombatE1N9I;De retour, déjà ? Oh tiens, tu vas pouvoir m'aider, je n'ai pas encore commencé à couper !;Already back ? You can help me then ! I did not start to cut yet ! ;
CombatE1N9RJ1;Couper ? Mais es-tu complètement fou ? Ou as-tu vu quelque chose qui nous dépasse ? C'est ce dieu que tu scandes qui requiert que de telles atrocités soient exécutées en son nom ? ;Cut ? Have you gone mad ? Or have you seen something that is beyond us ? Is it that god that you claim, require you to do such atrocities in his name ?;
CombatE1N9RE1;Justement ! Jusssstement ! Je ne l'ai pas vu ! Même dans la mort, Il ne m'est pas apparu ! Je veux Le voir, j'ai besoin de Lui poser tant de questions ! ;The opposit ! I did not saw Him ! Even in death, He did not appear ! I want to see HIm, I need to ask Him so much questions !;
CombatE1N9RJ2;Eh bien ? Si c'est un dieu, t'attends-tu vraiment à le voir ? Qu'est-ce que ça pourrait bien changer ? ;What is the problem ? If he is a god, did you really thought he would appear before you ? What does it changes ?;
CombatE1N9F1;Mais ne comprends-tu pas que s'Il n'apparaît pas, toutes nos vies n'ont plus de sens ?! Il ne restera que l'horreur d'une existence sans justification qui consumera nos âmes ! Quel homme peut prétendre voir la mort tous les jours sans savoir qu'il y a un grand but derrière tout cela ? Nous devons créer une Idole de notre peur, et nous l'appellerons Dieu ! J'ai trouvé la mienne, laisse moi te montrer !;If he does not appear it mean that life is a sensless horror ! No man can live with death before his eyes and the knowledge that all is nothing !  We must make an idol of our fear ! And that idol we shall call God ! And I have found mine ! Let me show you !;
CombatE1N9RJ3;Mais qu'est-ce que tu veux à la fin ?! Tu es vraiment assez arrogant pour t'imaginer que les dieux vont apparaître pour te parler à toi, un simple mortel ?;What is it that you want ?! Are you really that arrogant to believe that the gods will appear to speak with you, a mere mortal ?;
CombatE1N9F2;Je veux des réponses, j'ai besoin de garanties ! J'ai besoin que Dieu me réponde, qu'Il me révèle enfin Son visage, qu'Il prenne le mien entre Ses mains ! Je pleure pour Lui dans le noir, et il n'y a que l'obscurité pour me répondre ! C'est comme s'il n'y avait rien, et s'il n'y a personne alors j'irais le chercher dans tes entrailles ! ;I want answer, I want guarantee ! I want god to reach out to me, unveil his face, speak to me ! I cry to him in the darkness, but sometimes it is as if there is no one here ! And if there is no one, I will search for him even in your guts !;
CombatE1N9RJ4;Mais comment est-ce que tu peux t'infliger ça ? Même dans la mort, tu continues à  vivre à travers la douleur, pourquoi ? Qu'est-ce que tu aurais à y gagner ?!;How can you inflict that on yourself ? Even in death you continue to live through pain, why ?! What do you gain from it ?!;
CombatE1N9RE2;Ce n'est qu'avec la douleur que nous pouvons créer ici ! S'il n'y a pas de raison ni de solution à la vie, je la créerais de mes propres mains ! ;It is only in pain that we create here ! If there is no reason, nor solution to life, I will create it with my own hand !;
CombatE1N9RJ5;La vie n'est pas un problème à résoudre mais une expérience à ressentir ! Ce n'est qu'en regardant en arrière que tu la comprendras, mais elle doit être vécue vers l'avant, pauvre fou ! ;"Life is not a problem to be solved, but a reality to be experienced !
Life can only be understood backward, but it must be lived forward you fool ! ";
CombatE1N9RJ6;Créer ?! Mais qu'espères-tu créer en te mutilant ainsi, pauvre malade ? ;Create ?! But what do you expect to create by mutilating yourself like that you poor bastard  ?!;
CombatE1N9F3;Et après !? Quand sera la fin ?! Qui veillera sur moi ? Les anges ? Dieu ? Satan ? Rien de tout ça, aucun ne répond ! Le vide, il n'y a que le vide de ce cycle infini ! La vie la mort la vie la mort la vie la mort, ne comprends-tu pas ?! Ce n'est que du vide, et je ne vais pas l'accepter ! ;And then ?! When will it all end ?! Who will look after me then ?! The angel ? God ? Satan ? No ! Emptiness ! Emptiness of this never ending cycle of life and death my lord ! And that I will not accept !;
CombatE1N9F4;Mais regarde donc autour de toi. Regarde-les dans les yeux et tu verras comme leurs esprits ont vu le vide. La réalisation du vide, le fait que nous sommes ici mais qu'il n'y a pas de Dieu ! Nous sommes tous perdus, regarde leurs yeux, leur terreur est la nôtre ! Il ne nous reste plus qu'à créer un sens pour nous ! Meme si ce sens est la peur ! ;Look around you, look at them ! Theyre poor mind made a discovery, emtpiness !  We are helpless, we see what they see, that there is no God here ! And they're terror is our ! We must create a meaning for all of us ! Even if that mean is fear !;
CombatE1N1RJ1RAC;Mène-moi à ton roi.;Take me to this lord of yours. ;
CombatE1N1RJ2RAC;Il n'y a pas de roi dans mon coeur.;There is no lord in my heart.;
CombatE1N1RJ3RAC;"Ton ""roi"" ne m'évoque rien.";These words mean nothing to me.;
CombatE1N1RJ4RAC;Je n'ai aucune envie de me reposer.;I have no interest in rest. ;
CombatE1N1RJ5RAC; Il pue la chair calcinée, ton paradis.;Your hallowed halls reek of burnt flesh.;
CombatE1N1RJ6RAC; Ton enfer ne m'effraie pas, vieil homme.; A little hellfire won't stop me.;
CombatE1N2RJ1RAC;Je me débrouille très bien tout seul.;"There is no ""us"". I work alone.";
CombatE1N2RJ2RAC;" Ton ""maitre"", n'est ni un homme, ni un protecteur.";Your Master is neither man nor protector. ;
CombatE1N2RJ3RAC;Je ne suis pas là pour survivre petite, mais pour avancer.;I'm no tourist or villager. I don't intend to settle here.;
CombatE1N2RJ4RAC;Vous ne m'inspirez aucune confiance.;You don't inspire trust. ;
CombatE1N2RJ5RAC;J'ai déjà une famille où se trouve ma place.;I have a family waiting for me.;
CombatE1N2RJ6RAC;Vous n'êtes pas une famille, juste des esclaves.; You are nothing but slaves. ;
CombatE1N2RJ7RAC;Tu peux venir avec moi, mais pas ton maitre.;If you want to survive, you can follow me. But not him.;
CombatE1N2RJ8RAC;Tu possèdes déjà son esprit, démon…;You demon...You own her spirit already...;
CombatE1N2RJ9RAC;Écarte-toi, gamine !;Stay back, brat!;
CombatE1C1RJ1RAC;Tu aurais dû rester mort, vieillard.;You should have stayed dead, old man.;
CombatE1C1RJ2RAC; Tout le monde le craignait, jusqu'à sa propre famille. ;Everyone feared him, and his own family too.;
CombatE1C1RJ3RAC;Tu me fais de la peine, père.;I pity you, father.;
CombatE1C1RJ4RAC;Tout le monde est une déception pour toi.;Everybody is a disappointment to you.;
CombatE1C1RJ5RAC;Tu parles comme si ma fille n'existait pas.;You speak like my daughter doesn't even exist.;
CombatE1C1RJ6RAC;Même ça, tu voulais le contrôler ?;Even that you wanted to control?;
CombatE1C2RJ1RAC;Tu devrais tenir ta langue.;Shut your mouth.;
CombatE1C2RJ2RAC;Tu n'as pas appris le respect, et tu vas le payer.;No one taught you respect, you will pay for that.;
CombatE1C2RJ3RAC;Même morts, nous ne sommes pas pareils.;Be it in life or in death, we are not the same.;
CombatE1C2RJ4RAC;Ça n'a rien à voir !;We are not the same!;
CombatE1C2RJ5RAC;Cette viande dont tu parles, c'est celle des ennemis.;I cut through enemies that would take the land you live on. ;
CombatE1C2RJ6RAC;Tu oses nous comparer ?!;You dare compare us ?!;
CombatE1B1RJ1RAC;Je vais te demander de me laisser passer.;I will ask of you to let me pass.;
CombatE1B1RJ2RAC;Je suis maitre de mon propre destin.;I am master of my own destiny.;
CombatE1B1RJ3RAC;Je m'en moque, hors de mon chemin !;I couldn't care less, out of my way!;
CombatE1B1RJ4RAC;Ton enfer ne me fait pas peur.;I've been through enough hell when I was alive. ;
CombatE1B1RJ5RAC;Passer ou rester ne concerne que moi !;Why would you be concerned by my passage through these lands? ;
CombatE1B1RJ6RAC;Vous avez osé altérer le domaine des dieux ?;Was your lord too weak and stupid to do it himself?;
CombatE1B1RJ7RAC;Je préfère mourir plutôt que de rester ici.;I would rather die a thousand deaths than rot in immobility in this eery place.;
CombatE1B1RJ8RAC;Peuh ! Mon père n'est pas un dieu faible.;Heh! My father isn't a weakling god.;
CombatE1B1RJ9RAC;Ton dieu ne fait pas partie des miens.;Your god isn't one of mine. ;
CombatE1C3RJ1RAC;... Je ne peux pas faire semblant qu'un ami cher n'est pas mort.;... I can't pretend a dear friend didn't die.;
CombatE1C3RJ2RAC;Sans mon intervention, tu aurais une femme et une famille à l'heure qu'il est...;Without my intervention, you'd have a wife and a family by now...;
CombatE1C3RJ3RAC;Dhruv, tu es mort parce que tu n'étais pas à ta place;Dhruv, you died because you weren't where you belonged;
CombatE1C3RJ4RAC;... Je suppose que je peux essayer;... I suppose I can try.;
CombatE1C3RJ5RAC;Tu crois que tu arriveras à me battre ce coup-ci ?;Do you truly think you can best me this time?;
CombatE1C3RJ6RAC;Je n'aurais jamais cru que tu t'accrocherais autant. ;I'd never have believed you'd end up loving it so much. ;
CombatE1C4RJ1RAC;Ecoute Dhruv, il faut arreter ça.;;
CombatE1C4RJ2RAC;Tu n'es pas fait pour ça. Tu n'a pas ce qu'il faut en toi;;
CombatE1C4RJ3RAC;Je suis désolé Dhruv. Je voulais te faire plaisir, je voulais t'aider. ;;
CombatE1C4RJ4RAC;Combien de temps comptes-tu encore perdre ici ?;;
CombatE1C4RJ5RAC;Nous devons  à tout prix sortir d'ici ! Je te tirerais hors d'ici;;
CombatE1C4RJ6RAC;Tu dois cesser de te perdre et passer à autre chose !;;
Alea1C1RJ1RAC;Quel plaisir de te revoir, Arya.;As always, it is a pleasure to see you, Arya.;
Alea1C1RJ2RAC;Encore à me le reprocher ? ;How much longer can you blame me?;
Alea1C1RJ3RAC;Je sais que tu n'approuves pas ma décision.;I know you disapprove, but sati is a tradition.;
Alea1C1RJ4RAC;C'est donc comme ça que tu t'adresses à ton mari ?;Is this how you talk to your husband? ;
Alea1C1RJ5RAC;Notre tradition et notre histoire l'exigeaient.;We must keep the traditions.;
Alea1C1RJ6RAC;Je la connais, notre fille est forte.;Our daughter is strong and old enough.;
Alea1C2RJ1RAC;Quels torts ?! Quelle souffrance ?!;What I've done?! Your suffering?!;
Alea1C2RJ2RAC;Toi, tu me hurlais d'aller dans une autre pièce.; At best, you barked at me to go sleep in another room.;
Alea1C2RJ3RAC;C'est donc ainsi que tu me vois réellement ?;So this is how you truly see me?;
Alea1C2RJ4RAC;J'ai fait tout ce que j'ai pu pour toi ! ;I did everything I could for you, Arya!;
Alea1C2RJ5RAC;Tu oses prétendre que tu n'as pas vécu dans un palais doré ?;Could you deny living in a golden palace.;
Alea1C2RJ6RAC;... Dans d'autres circonstances, j'aurais peut-être pu faire plus.;... In other circumstances, I could have done better.;
Alea1C2RJ7RAC;J'ai essayé Arya, j'ai sincèrement essayé.;I sincerely tried, Arya.;
Alea1C2RJ8RAC;Je ne voulais pas que tu vives dans la peur de ma mort...; I didn't want you to live in fear of my passing.;
Alea1C2RJ9RAC;C'était pour ne pas condamner un pays au prix de la vie de ma femme ! ;I wasn't going to condemn an entire nation in exchange of my wife!;
Alea1N1RJ1RAC;Eh bah alors, minus ? Tu te rappelles ma promesse ?;Well well, little one? Remember what I promised?;
Alea1N1RJ2RAC;Tu crois que cette lame est un jouet ?! ;You really think my sword is a toy?!;
Alea1N1RJ3RAC;Tu crois que ta stupide notation a une importance pour moi ?;You think you can stop me with this stupid notation?;
Alea1N1RJ4RAC;Qui êtes-vous, toi et ton ami ?;Who are you, you and your friend ?;
Alea1N1RJ5RAC;Quelle est la force qui vous donne ce droit-là ?;What power gives you that right?;
Alea1N1RJ6RAC;Un conseil à me donner pour arriver jusqu'au bout alors ? ;Well then, any piece of wisdom to help me reach the end?;
Alea1N2RJ1RAC; Sommes-nous ici dans le domaine des dieux ?;Is this the gods' divine retreat? ;
Alea1N2RJ2RAC;Les gens ici disent-ils la vérité ?;People here, are they telling the truth?;
Alea1N2RJ3RAC;Est-ce que ma famille m'attend ici ?!;Does that mean my family is waiting for me here?!;
Alea1N2RJ4RAC;J'aurais besoin d'un coup de main.; I am in need of a hand.;
Alea1N2RJ5RAC;Le minus de la dernière fois est ton supérieur ?;Is that little one I saw last time your superior?!;
Alea1N2RJ6RAC;Il n'y a vraiment rien que tu puisses faire pour moi ?;Is there really nothing you can do?;
Alea1C3RJ1RAC;J'avais une invasion à repousser…;I had an Ottoman invasion to repel...;
Alea1C3RJ2RAC;Je vous aimais et vous détestais.;I loved and despised you both.;
Alea1C3RJ3RAC;Je t'aimais, mais…;I loved you, but...;
Alea1C3RJ4RAC;Merci de le remarquer, Arya.;I'm glad you noticed, Arya.;
Alea1C3RJ5RAC;Toujours et encore à exagérer.;As always, exaggerating the facts.;
Alea1C3RJ6RAC;Et pourquoi ne l'as-tu pas fait, Arya ?;Then why didn't you do it, Arya?;
Alea1C4RJ1RAC;Je réalise l'ampleur du prix que j'allais payer pendant 15 ans.;It is only now that I realise the price I'd have to pay for 15 years.;
Alea1C4RJ2RAC;J'ai réalisé que j'ai perdu la dernière personne à qui je pouvais parler.;I truly understood I just had lost the last person I could talk to.;
Alea1C4RJ3RAC;Je n'étais qu'un enfant, pensant être un homme.;I was just a kid, certain to be a man.;
Alea1C4RJ4RAC;Vous... me pardonnez ? Vraiment ?;You... Forgive me? Really? ;
Alea1C4RJ5RAC;Comment pouvez-vous rester si calme ?! ;How can you remain so calm?!;
Alea1C4RJ6RAC;Je ne peux être que reconnaissant.;I can only be grateful. ;
Alea1C4RJ7RAC;Comment arrivez-vous à me pardonner ?!;How could you forgive me?!;
Alea1C5RJ1RAC;J'ai cru pouvoir le protéger...;I thought I could protect him...;
Alea1C5RJ2RAC;J'ai cru que je pouvais faire la différence pour lui !;I thought I could make a difference for him! ;
Alea1C5RJ3RAC;Il avait cette fougue et cette lueur dans les yeux !;He had this eagerness and spark in his eyes!;
Alea1C5RJ4RAC;Je sais bien que je suis le seul responsable de sa mort...;I am well aware I'm the only culprit for his death...;
Alea1C5RJ5RAC;C'est ce jour-là que j'ai que j'ai pleinement compris l'importance de notre place...;That day, I truly understood why casts matter.;
Alea1C5RJ6RAC;"Je n'ai eu cesse de pratiquer ce pourquoi je suis né; l'art de la guerre.";"Even since, I made sure to practice why I was born; the art of war. ";
CombatE1B2RJ1RAC;Même dans la mort tu sembles unique, mais qui es-tu réellement ?;Even in death you appear unique, who are you truly? ;
CombatE1B2RJ2RAC;Ainsi donc, tes pieds foulaient la même terre que moi ?;So your feet once stepped on the same ground as mine did?;
CombatE1B2RJ3RAC;Que t'est-il arrivé dans la mort pour que tu te transformes ?;What happened in your death for you to transform like that? ;
CombatE1B2RJ4RAC;Ton dieu te respecte si peu que même mort, tu dois te battre.;Your god respect you so little that even in death you must fight.;
CombatE1B2RJ5RAC;Peut-être nous sommes-nous déjà battus dans d'autres vies.;Maybe did we even cross swords in previous lives. ;
CombatE1B2RJ6RAC;C'est bien là, la différence entre toi et moi.;This is the difference between you and me.;
CombatE1B2RJ7RAC;Ton dieu semble bien démuni.;Heh, how destitute must your god be;
CombatE1B2RJ8RAC;Servir une cause injuste, quel gâchis.;Sworn to an unjust cause, what a waste.;
CombatE1B2RJ9RAC;N'es-tu jamais fatiguée ? N'as-tu pas mérité le repos face à ton dieu ?;Are you not tired? Haven't you deserved rest in front of your god? ;
CombatE1B2RJ10RAC;Ton dieu est si cruel. Même morte, il ne te laisse pas lâcher ton épée.;How cruel is your god. Even in death, he doesn't allow you to rest.;
CombatE1B2RJ11RAC;Le dieu que tu décris a l'air bien capricieux.;The lord you describe seems capricious.;
CombatE1B2RJ12RAC;J'ai connu quelqu'un qui aussi croyait être un guerrier.;I used to know someone who also believed he was a warrior.;
CombatE1C5RJ1RAC;"Je ne me rappelle pas de ""gens"" comme vous.";"I don't remember ""people"" like you.";
CombatE1C5RJ2RAC;Frappé ? Ah, ces choses arrivent.;Beaten? Heh, these things are meant to happen.;
CombatE1C5RJ3RAC;Eh bien oui je t'ai fait remettre à ta place. ;Well, yes, I had to remind you where you belong. ;
CombatE1C5RJ4RAC;Je suis simplement meilleur que vous.;Well, I am better than you.;
CombatE1C5RJ5RAC;Crois-tu vraiment que ma naissance a changé qui je suis ?;Do you really think my birthright change anything to who I am?;
CombatE1C5RJ6RAC;C'est dans les batailles, le sang et les larmes que je me suis forgé !;It's in the blood and tears of battle that I forged myself!;
CombatE1C6RJ1RAC;Juste assez impertinent pour oser remettre en cause tes méthodes arriérées. ;Just impertinent enough to dare question your dusty methods. ;
CombatE1C6RJ2RAC; Toi, tu te contentes d'insulter et de battre les autres.; You just insult and beat down others.;
CombatE1C6RJ3RAC;Pourtant ta famille n'a pas versé une larme quand tu es mort.;Yet your family didn't shed a tear when you died.;
CombatE1C6RJ4RAC;Tu n'obtiendras pas de moi une excuse pour t'en prendre à nous. ;You won't get an excuse to lash out on us again. ;
CombatE1C6RJ5RAC;Un enseignement ? Drôle de nom pour des coups et des insultes.;Lessons? What a weird way to designate insults and blows.;
CombatE1C6RJ6RAC;Tes agissements méprisables sont ce qu'il est arrivé de pire à notre famille.;Your despicable actions are the worse that happened to our family. ;
CombatE1N3RJ1RAC;Ce n'est pas la première fois que je croise des zélés dans ton genre.;You're not the first zealous that I come across.;
CombatE1N3RJ2RAC;Tu es fou à obliger les autres à se fouetter jusqu'à leur propre disparition !;You are mad, to force others to get whipped until they disappear!;
CombatE1N3RJ3RAC;Le seul serpent que je vois ici, c'est toi. ;The only snake I see here is you.;
CombatE1N3RJ4RAC;Me faire fouetter comme un esclave ?;Getting whipped like a slave ?;
CombatE1N3RJ5RAC;Si vous n'êtes formés que de mendiants, vous ne devriez pas être un obstacle.;If your battalion is only formed of beggars, you should be no obstacle.;
CombatE1N3RJ6RAC;Amusant. Ton dieu n'a même pas été capable de vous fournir les moyens de vos ambitions. ;How amusing, that god isn't even able to give you the means to your ambitions. ;
CombatE1N4RJ1RAC; Si tu as du pouvoir, prouve le, mais je ne vois que toi et deux enfants.;If you are so powerful, prove it, but I only see you and two children. ;
CombatE1N4RJ2RAC;Garde tes flatteries. Tu n'es pas une image de pouvoir à laquelle j'aspire.;Keep your flattery. You aren't an image of power I aspire to resemble.;
CombatE1N4RJ3RAC;Tu prétends connaitre le pouvoir, mais je ne vois que de la corruption autour de toi.;You pretend you know power, but all I can see surrounding you is corruption. ;
CombatE1N4RJ5RAC;Hah. Je ne suis pas si facilement manipulable, tu peux garder tes flatteries.;Manipulation doesn't fall easily on me, you can keep your flattering.;
CombatE1N4RJ6RAC;Et être ton second ? Hah, je ne m'agenouille devant personne.;And merely be your runner-up? Hah, I yield to none.;
CombatE1N4RJ7RAC;J'ai des gens à retrouver, rien que tes propositions ne pourraient m'apporter.;I have people to find, nothing your empty proposition could ever bring me.;
CombatE1N5RJ1RAC;Va geindre plus loin, mendiant, tu gênes ceux qui veulent passer !;Go whimper somewhere else you beggar, you're a nuisance to bystanders.;
CombatE1N5RJ2RAC;Ha ! Un prophète, toi ? ;Hah! A prophet? You? ;
CombatE1N5RJ3RAC;Bah ! Je n'ose pas imaginer à quoi ressemble ton dieu.;Bah! I can't imagine what your god is like.;
CombatE1N5RJ4RAC;J'en ai croisé des illuminés ici et tu n'es définitivement pas le plus brillant d'entre eux.;I crossed ways with many illuminates here, and you very clearly aren't the brightest one. ;
CombatE1N5RJ5RAC;Mais quel genre de dérangé es-tu ?! ;What kind of madman are you?! ;
CombatE1N5RJ6RAC;Quelle horreur ! Ton dieu est fou ! ;What horrors! Your god must be mad !;
CombatE1C7RJ1RAC;Refuser le repas et le repos à un Seigneur ? Pour qui vous vous prenez ? ;You dare refuse food and shelter to a Lord? Who do you think you are?;
CombatE1C7RJ2RAC;Quoiqu'il arrive je retrouverai ma position.;I'll get back to my position no matter what.;
CombatE1C7RJ3RAC;Je sais ce que je vaux, et ce ne sont pas tes murmures de rats qui me dévieront de mon chemin.;I know my worth, and your rodent murmurs won't deviate my path.;
CombatE1C7RJ4RAC; Avez-vous vraiment tout ce temps à perdre ?;Do you really have time to lose?;
CombatE1C7RJ5RAC;Quel potentiel gâché ! Vous vous complaignez dans la décrépitude que vous dites haïr. ;What a wasted potential! You wallow in the decay you pretend to hate. ;
CombatE1C7RJ6RAC;Tant pis pour vous. Il y a une raison si vous n'avez pas réussi à vous élever plus loin que la misère.;What a shame. There's a reason you never managed to elevate further than misery.;
CombatE1C8RJ1RAC;Pourquoi vous occupez-vous tous de lui ? Vous feriez mieux d'abréger ses souffrances.;Why are you all taking care of him. You should end his suffering.;
CombatE1C8RJ2RAC; La communauté ralentit, surtout quand il s'agit de s'occuper des plus faibles.;Community slows us down, especially when it comes down to taking care of weaklings.;
CombatE1C8RJ3RAC;Quelle vision naive  ! Une chaine n'est aussi forte que son maillon le plus faible.;What a naive vision! A chain is only as strong as its weaker link. ;
CombatE1C8RJ4RAC;J'espère qu'il a les moyens de s'offrir votre aide. Vous n'avez aucune raison de l'aider. ;I sure hope he has the means to afford your help. You don't have a reason to help him. ;
CombatE1C8RJ5RAC;On ne peut pas faire confiance, on finit toujours par nous trahir et nous frapper dans le dos.;Trust is too expensive, when it means getting betrayed and backstabbed.;
CombatE1C8RJ6RAC;Votre confiance est naïve, même les bourses les plus fournies se font trahir. ;How naive is your trust, when even the most filled purses get betrayed. ;
CombatE1N6RJ1RAC;Je suppose que je peux passer quelques minutes à vous écouter. ;I suppose I can spend a few minutes listening. ;
CombatE1N6RJ2RAC; Je ne peux pas leur laisser voir que je suis blessé !;I can't let them see I'm wounded!;
CombatE1N6RJ3RAC;Une attaque ! Une embuscade ? Quelles méthodes de lâches !;An attack! An ambush? Cowards!;
CombatE1N6RJ4RAC;Ces enfants n'ont-ils pas mieux à faire ? ;Don't these children have better to do?;
CombatE1N6RJ5RAC;Une mission divine, chanter ?;Singing? A divine mission?;
CombatE1N6RJ6RAC;Pourtant vu leur obéissance et leur zèle, ils feraient de bons soldats.;And yet, seeing their obedience, they would make for good soldiers;
CombatE1B3RJ1RAC;Qu'est-ce qui t'effraie donc tant, gardienne ?;What frightens you, Guardian?;
CombatE1B3RJ2RAC;Tu me sous-estimes, gardienne ! ;You underestimate me, Guardian!;
CombatE1B3RJ3RAC;Et qui es-tu pour essayer de m'imposer tes choix ? ;And who do you think you are, trying to impose your choices on me?;
CombatE1B3RJ4RAC;Et pourtant gardienne, en nous retenant ici, tu nous fais plus de mal que de bien.;And yet, Guardian, by restraining us here, you do us more harm than good. ;
CombatE1B3RJ5RAC;Etrange femme que tu es, pourquoi pleures-tu ton ennemi ?;A strange woman you are. Why shed tears for your enemy?;
CombatE1B3RJ6RAC;La paix ?! Ici ?! ;Peace? Here?! ;
CombatE1B3RJ7RAC;Ton énergie serait mieux utilisée à aider les tiens en ces lieux. ;Your energy would be of better use helping your own kind in here.;
CombatE1B3RJ8RAC;Et pourquoi ne pas penser à toi, gardienne ? L'éternité à veiller ainsi dans la solitude est bien longue. ;And why don't you think about yourself, Guardian?;
CombatE1B3RJ9RAC;Pour finir vainqueur, il faut d'abord avoir fini jeté dans la boue et s'être relevé.;Every victor has been thrown in the mud and raised back again.;
CombatE1B3RJ10RAC;Elles ne sont sacrées que pour ceux qui croient en ton dieu.;They are only sacred for those who worship your god. ;
CombatE1B3RJ11RAC; Si un jour nos âmes se recroisent, je me ferais un honneur de te compter dans mes rangs. ;If, one day, our souls meet again, I'd be honoured to count you in my ranks.;
CombatE1B3RJ12RAC;La douceur est un boulet au pied de celui qui la traîne.;Softness is only an encumbrance. ;
CombatE1N7RJ1RAC;Je te remercie, mais je crains de ne pas pouvoir rester avec toi. ;I thank you for your kind offer, but I'm afraid I can't stay for long.;
CombatE1N7RJ2RAC;Je ne compte pas passer l'éternité ici. ;I don't intend on spending the whole of eternity here.;
CombatE1N7RJ3RAC;L'enfer ?! Là où vous envoyez les âmes que vous ne jugez pas dignes ?!;Hell ?! Where you send the souls you don't deem worthy ?!;
CombatE1N7RJ4RAC;Navré, tu as l'air sympathique mais je dois refuser.;I am sorry, you seem friendly, but I have to decline.;
CombatE1N7RJ5RAC;Pas très tolérants ?! Ils sont tous fous à lier, oui !;Not very welcoming?! They're all mad, is what they are!;
CombatE1N7RJ6RAC;Et tu veux m'amadouer en me faisant croire que tu es différent d'eux ?;And you think you're coaxing me by pretending you're any different? ;
CombatE1N8RJ1RAC;Apprendre ? Apprendre quoi au juste ? Je sais déjà tout ce dont j'ai besoin.;Learn? Learn what, exactly? I know everything I need.;
CombatE1N8RJ2RAC;Il suffit! Je ne suis pas un orphelin à dresser comme un chien trouvé au bord de la route.;Stop it! I am no orphan that you could tame like a dog you picked off the streets.;
CombatE1N8RJ3RAC;Garde ton éducation religieuse pour ceux dont c'est la vocation. Je me moque de ton apprentissage. ;Keep your religious schooling for more devoted souls. I couldn't care less about them.;
CombatE1N8RJ4RAC;J'ai autre chose à faire que de devenir ton disciple, vieille femme. ;I have better to do than to be your disciple, old woman.;
CombatE1N8RJ5RAC;Heh, quel heureux hasard, puisque je ne compte pas rester ici.;Heh, what a happy coincidence it is that I don't plan on staying here.;
CombatE1N8RJ6RAC;Des règles dans la mort ? S'il y a une chose que j'ai appris c'est justement qu'elle délivre de tout.;Rules in death? She frees you from everything.;
CombatE1N9RJ1RAC; C'est ce dieu que tu scandes qui requiert que de telles atrocités soient exécutées en son nom ? ;Is it that god that you claim, require you to do such atrocities in his name ?;
CombatE1N9RJ2RAC; Qu'est-ce que ça pourrait bien changer ? ;What does it changes ?;
CombatE1N9RJ3RAC;Tu es vraiment assez arrogant pour t'imaginer que les dieux vont apparaître pour te parler à toi ?;Are you really that arrogant to believe that the gods will appear to speak with you?;
CombatE1N9RJ4RAC;Mais comment est-ce que tu peux t'infliger ça ? ;How can you inflict that on yourself ?;
CombatE1N9RJ5RAC;La vie n'est pas un problème à résoudre mais une expérience à ressentir ! ;Life is not a problem to be solved, but a reality to be experienced !;
CombatE1N9RJ6RAC;Créer ?! Mais qu'espères-tu créer en te mutilant ainsi, pauvre malade ? ;Create ?! But what do you expect to create by mutilating yourself like that you poor bastard  ?!;
